"DimensionData","","1","1","10","-1","-1","","","","Choose between economic, standard and high-performance disks<br />All prices are given for standard disks","42.52"
"DimensionData","","5","1","10","-1","-1","","","","Choose between economic, standard and high-performance disks<br />All prices are given for standard disks","141.8"
"DimensionData","","9","1","10","-1","-1","","","","Choose between economic, standard and high-performance disks<br />All prices are given for standard disks","241.83"
"DimensionData","","13","1","10","-1","-1","","","","Choose between economic, standard and high-performance disks<br />All prices are given for standard disks","340.36"
"DimensionData","","17","1","10","-1","-1","","","","Choose between economic, standard and high-performance disks<br />All prices are given for standard disks","439.64"
"DimensionData","","21","1","10","-1","-1","","","","Choose between economic, standard and high-performance disks<br />All prices are given for standard disks","538.92"
"DimensionData","","25","1","10","-1","-1","","","","Choose between economic, standard and high-performance disks<br />All prices are given for standard disks","638.2"
"DimensionData","","29","1","10","-1","-1","","","","Choose between economic, standard and high-performance disks<br />All prices are given for standard disks","737.48"
"DimensionData","","32","1","10","-1","-1","","","","Choose between economic, standard and high-performance disks<br />All prices are given for standard disks","811.94"
"DimensionData","","1","39","10","-1","-1","","","","Choose between economic, standard and high-performance disks<br />All prices are given for standard disks","631.1"
"DimensionData","","5","39","10","-1","-1","","","","Choose between economic, standard and high-performance disks<br />All prices are given for standard disks","731.28"
"DimensionData","","9","39","10","-1","-1","","","","Choose between economic, standard and high-performance disks<br />All prices are given for standard disks","830.56"
"DimensionData","","13","39","10","-1","-1","","","","Choose between economic, standard and high-performance disks<br />All prices are given for standard disks","929.84"
"DimensionData","","17","39","10","-1","-1","","","","Choose between economic, standard and high-performance disks<br />All prices are given for standard disks","1029.0"
"DimensionData","","21","39","10","-1","-1","","","","Choose between economic, standard and high-performance disks<br />All prices are given for standard disks","1128.0"
"DimensionData","","25","39","10","-1","-1","","","","Choose between economic, standard and high-performance disks<br />All prices are given for standard disks","1227.0"
"DimensionData","","29","39","10","-1","-1","","","","Choose between economic, standard and high-performance disks<br />All prices are given for standard disks","1326.0"
"DimensionData","","32","39","10","-1","-1","","","","Choose between economic, standard and high-performance disks<br />All prices are given for standard disks","1401.0"
"DimensionData","","1","77","10","-1","-1","","","","Choose between economic, standard and high-performance disks<br />All prices are given for standard disks","1221.0"
"DimensionData","","5","77","10","-1","-1","","","","Choose between economic, standard and high-performance disks<br />All prices are given for standard disks","1320.0"
"DimensionData","","9","77","10","-1","-1","","","","Choose between economic, standard and high-performance disks<br />All prices are given for standard disks","1420.0"
"DimensionData","","13","77","10","-1","-1","","","","Choose between economic, standard and high-performance disks<br />All prices are given for standard disks","1519.0"
"DimensionData","","17","77","10","-1","-1","","","","Choose between economic, standard and high-performance disks<br />All prices are given for standard disks","1618.0"
"DimensionData","","21","77","10","-1","-1","","","","Choose between economic, standard and high-performance disks<br />All prices are given for standard disks","1717.0"
"DimensionData","","25","77","10","-1","-1","","","","Choose between economic, standard and high-performance disks<br />All prices are given for standard disks","1817.0"
"DimensionData","","29","77","10","-1","-1","","","","Choose between economic, standard and high-performance disks<br />All prices are given for standard disks","1916.0"
"DimensionData","","32","77","10","-1","-1","","","","Choose between economic, standard and high-performance disks<br />All prices are given for standard disks","1990.0"
"DimensionData","","1","115","10","-1","-1","","","","Choose between economic, standard and high-performance disks<br />All prices are given for standard disks","1810.0"
"DimensionData","","5","115","10","-1","-1","","","","Choose between economic, standard and high-performance disks<br />All prices are given for standard disks","1910.0"
"DimensionData","","9","115","10","-1","-1","","","","Choose between economic, standard and high-performance disks<br />All prices are given for standard disks","2009.0"
"DimensionData","","13","115","10","-1","-1","","","","Choose between economic, standard and high-performance disks<br />All prices are given for standard disks","2108.0"
"DimensionData","","17","115","10","-1","-1","","","","Choose between economic, standard and high-performance disks<br />All prices are given for standard disks","2208.0"
"DimensionData","","21","115","10","-1","-1","","","","Choose between economic, standard and high-performance disks<br />All prices are given for standard disks","2307.0"
"DimensionData","","25","115","10","-1","-1","","","","Choose between economic, standard and high-performance disks<br />All prices are given for standard disks","2406.0"
"DimensionData","","29","115","10","-1","-1","","","","Choose between economic, standard and high-performance disks<br />All prices are given for standard disks","2505.0"
"DimensionData","","32","115","10","-1","-1","","","","Choose between economic, standard and high-performance disks<br />All prices are given for standard disks","2580.0"
"DimensionData","","1","153","10","-1","-1","","","","Choose between economic, standard and high-performance disks<br />All prices are given for standard disks","2400.0"
"DimensionData","","5","153","10","-1","-1","","","","Choose between economic, standard and high-performance disks<br />All prices are given for standard disks","2499.0"
"DimensionData","","9","153","10","-1","-1","","","","Choose between economic, standard and high-performance disks<br />All prices are given for standard disks","2598.0"
"DimensionData","","13","153","10","-1","-1","","","","Choose between economic, standard and high-performance disks<br />All prices are given for standard disks","2698.0"
"DimensionData","","17","153","10","-1","-1","","","","Choose between economic, standard and high-performance disks<br />All prices are given for standard disks","2797.0"
"DimensionData","","21","153","10","-1","-1","","","","Choose between economic, standard and high-performance disks<br />All prices are given for standard disks","2896.0"
"DimensionData","","25","153","10","-1","-1","","","","Choose between economic, standard and high-performance disks<br />All prices are given for standard disks","2996.0"
"DimensionData","","29","153","10","-1","-1","","","","Choose between economic, standard and high-performance disks<br />All prices are given for standard disks","3095.0"
"DimensionData","","32","153","10","-1","-1","","","","Choose between economic, standard and high-performance disks<br />All prices are given for standard disks","3169.0"
"DimensionData","","1","191","10","-1","-1","","","","Choose between economic, standard and high-performance disks<br />All prices are given for standard disks","2989.0"
"DimensionData","","5","191","10","-1","-1","","","","Choose between economic, standard and high-performance disks<br />All prices are given for standard disks","3089.0"
"DimensionData","","9","191","10","-1","-1","","","","Choose between economic, standard and high-performance disks<br />All prices are given for standard disks","3188.0"
"DimensionData","","13","191","10","-1","-1","","","","Choose between economic, standard and high-performance disks<br />All prices are given for standard disks","3287.0"
"DimensionData","","17","191","10","-1","-1","","","","Choose between economic, standard and high-performance disks<br />All prices are given for standard disks","3387.0"
"DimensionData","","21","191","10","-1","-1","","","","Choose between economic, standard and high-performance disks<br />All prices are given for standard disks","3486.0"
"DimensionData","","25","191","10","-1","-1","","","","Choose between economic, standard and high-performance disks<br />All prices are given for standard disks","3585.0"
"DimensionData","","29","191","10","-1","-1","","","","Choose between economic, standard and high-performance disks<br />All prices are given for standard disks","3684.0"
"DimensionData","","32","191","10","-1","-1","","","","Choose between economic, standard and high-performance disks<br />All prices are given for standard disks","3759.0"
"DimensionData","","1","229","10","-1","-1","","","","Choose between economic, standard and high-performance disks<br />All prices are given for standard disks","3579.0"
"DimensionData","","5","229","10","-1","-1","","","","Choose between economic, standard and high-performance disks<br />All prices are given for standard disks","3678.0"
"DimensionData","","9","229","10","-1","-1","","","","Choose between economic, standard and high-performance disks<br />All prices are given for standard disks","3777.0"
"DimensionData","","13","229","10","-1","-1","","","","Choose between economic, standard and high-performance disks<br />All prices are given for standard disks","3877.0"
"DimensionData","","17","229","10","-1","-1","","","","Choose between economic, standard and high-performance disks<br />All prices are given for standard disks","3976.0"
"DimensionData","","21","229","10","-1","-1","","","","Choose between economic, standard and high-performance disks<br />All prices are given for standard disks","4075.0"
"DimensionData","","25","229","10","-1","-1","","","","Choose between economic, standard and high-performance disks<br />All prices are given for standard disks","4175.0"
"DimensionData","","29","229","10","-1","-1","","","","Choose between economic, standard and high-performance disks<br />All prices are given for standard disks","4274.0"
"DimensionData","","32","229","10","-1","-1","","","","Choose between economic, standard and high-performance disks<br />All prices are given for standard disks","4348.0"
"DimensionData","","1","256","10","-1","-1","","","","Choose between economic, standard and high-performance disks<br />All prices are given for standard disks","3998.0"
"DimensionData","","5","256","10","-1","-1","","","","Choose between economic, standard and high-performance disks<br />All prices are given for standard disks","4097.0"
"DimensionData","","9","256","10","-1","-1","","","","Choose between economic, standard and high-performance disks<br />All prices are given for standard disks","4196.0"
"DimensionData","","13","256","10","-1","-1","","","","Choose between economic, standard and high-performance disks<br />All prices are given for standard disks","4296.0"
"DimensionData","","17","256","10","-1","-1","","","","Choose between economic, standard and high-performance disks<br />All prices are given for standard disks","4395.0"
"DimensionData","","21","256","10","-1","-1","","","","Choose between economic, standard and high-performance disks<br />All prices are given for standard disks","4494.0"
"DimensionData","","25","256","10","-1","-1","","","","Choose between economic, standard and high-performance disks<br />All prices are given for standard disks","4593.0"
"DimensionData","","29","256","10","-1","-1","","","","Choose between economic, standard and high-performance disks<br />All prices are given for standard disks","4693.0"
"DimensionData","","32","256","10","-1","-1","","","","Choose between economic, standard and high-performance disks<br />All prices are given for standard disks","4767.0"
"DimensionData","","1","1","2108","-1","-1","","","","Choose between economic, standard and high-performance disks<br />All prices are given for standard disks","501.98"
"DimensionData","","5","1","2108","-1","-1","","","","Choose between economic, standard and high-performance disks<br />All prices are given for standard disks","601.26"
"DimensionData","","9","1","2108","-1","-1","","","","Choose between economic, standard and high-performance disks<br />All prices are given for standard disks","700.54"
"DimensionData","","13","1","2108","-1","-1","","","","Choose between economic, standard and high-performance disks<br />All prices are given for standard disks","799.82"
"DimensionData","","17","1","2108","-1","-1","","","","Choose between economic, standard and high-performance disks<br />All prices are given for standard disks","899.1"
"DimensionData","","21","1","2108","-1","-1","","","","Choose between economic, standard and high-performance disks<br />All prices are given for standard disks","998.38"
"DimensionData","","25","1","2108","-1","-1","","","","Choose between economic, standard and high-performance disks<br />All prices are given for standard disks","1097.0"
"DimensionData","","29","1","2108","-1","-1","","","","Choose between economic, standard and high-performance disks<br />All prices are given for standard disks","1196.0"
"DimensionData","","32","1","2108","-1","-1","","","","Choose between economic, standard and high-performance disks<br />All prices are given for standard disks","1271.0"
"DimensionData","","1","39","2108","-1","-1","","","","Choose between economic, standard and high-performance disks<br />All prices are given for standard disks","1091.0"
"DimensionData","","5","39","2108","-1","-1","","","","Choose between economic, standard and high-performance disks<br />All prices are given for standard disks","1190.0"
"DimensionData","","9","39","2108","-1","-1","","","","Choose between economic, standard and high-performance disks<br />All prices are given for standard disks","1290.0"
"DimensionData","","13","39","2108","-1","-1","","","","Choose between economic, standard and high-performance disks<br />All prices are given for standard disks","1389.0"
"DimensionData","","17","39","2108","-1","-1","","","","Choose between economic, standard and high-performance disks<br />All prices are given for standard disks","1488.0"
"DimensionData","","21","39","2108","-1","-1","","","","Choose between economic, standard and high-performance disks<br />All prices are given for standard disks","1587.0"
"DimensionData","","25","39","2108","-1","-1","","","","Choose between economic, standard and high-performance disks<br />All prices are given for standard disks","1687.0"
"DimensionData","","29","39","2108","-1","-1","","","","Choose between economic, standard and high-performance disks<br />All prices are given for standard disks","1786.0"
"DimensionData","","32","39","2108","-1","-1","","","","Choose between economic, standard and high-performance disks<br />All prices are given for standard disks","1860.0"
"DimensionData","","1","77","2108","-1","-1","","","","Choose between economic, standard and high-performance disks<br />All prices are given for standard disks","1680.0"
"DimensionData","","5","77","2108","-1","-1","","","","Choose between economic, standard and high-performance disks<br />All prices are given for standard disks","1780.0"
"DimensionData","","9","77","2108","-1","-1","","","","Choose between economic, standard and high-performance disks<br />All prices are given for standard disks","1879.0"
"DimensionData","","13","77","2108","-1","-1","","","","Choose between economic, standard and high-performance disks<br />All prices are given for standard disks","1978.0"
"DimensionData","","17","77","2108","-1","-1","","","","Choose between economic, standard and high-performance disks<br />All prices are given for standard disks","2078.0"
"DimensionData","","21","77","2108","-1","-1","","","","Choose between economic, standard and high-performance disks<br />All prices are given for standard disks","2177.0"
"DimensionData","","25","77","2108","-1","-1","","","","Choose between economic, standard and high-performance disks<br />All prices are given for standard disks","2276.0"
"DimensionData","","29","77","2108","-1","-1","","","","Choose between economic, standard and high-performance disks<br />All prices are given for standard disks","2375.0"
"DimensionData","","32","77","2108","-1","-1","","","","Choose between economic, standard and high-performance disks<br />All prices are given for standard disks","2450.0"
"DimensionData","","1","115","2108","-1","-1","","","","Choose between economic, standard and high-performance disks<br />All prices are given for standard disks","2270.0"
"DimensionData","","5","115","2108","-1","-1","","","","Choose between economic, standard and high-performance disks<br />All prices are given for standard disks","2369.0"
"DimensionData","","9","115","2108","-1","-1","","","","Choose between economic, standard and high-performance disks<br />All prices are given for standard disks","2468.0"
"DimensionData","","13","115","2108","-1","-1","","","","Choose between economic, standard and high-performance disks<br />All prices are given for standard disks","2568.0"
"DimensionData","","17","115","2108","-1","-1","","","","Choose between economic, standard and high-performance disks<br />All prices are given for standard disks","2667.0"
"DimensionData","","21","115","2108","-1","-1","","","","Choose between economic, standard and high-performance disks<br />All prices are given for standard disks","2766.0"
"DimensionData","","25","115","2108","-1","-1","","","","Choose between economic, standard and high-performance disks<br />All prices are given for standard disks","2866.0"
"DimensionData","","29","115","2108","-1","-1","","","","Choose between economic, standard and high-performance disks<br />All prices are given for standard disks","2965.0"
"DimensionData","","32","115","2108","-1","-1","","","","Choose between economic, standard and high-performance disks<br />All prices are given for standard disks","3039.0"
"DimensionData","","1","153","2108","-1","-1","","","","Choose between economic, standard and high-performance disks<br />All prices are given for standard disks","2859.0"
"DimensionData","","5","153","2108","-1","-1","","","","Choose between economic, standard and high-performance disks<br />All prices are given for standard disks","2959.0"
"DimensionData","","9","153","2108","-1","-1","","","","Choose between economic, standard and high-performance disks<br />All prices are given for standard disks","3058.0"
"DimensionData","","13","153","2108","-1","-1","","","","Choose between economic, standard and high-performance disks<br />All prices are given for standard disks","3157.0"
"DimensionData","","17","153","2108","-1","-1","","","","Choose between economic, standard and high-performance disks<br />All prices are given for standard disks","3257.0"
"DimensionData","","21","153","2108","-1","-1","","","","Choose between economic, standard and high-performance disks<br />All prices are given for standard disks","3356.0"
"DimensionData","","25","153","2108","-1","-1","","","","Choose between economic, standard and high-performance disks<br />All prices are given for standard disks","3455.0"
"DimensionData","","29","153","2108","-1","-1","","","","Choose between economic, standard and high-performance disks<br />All prices are given for standard disks","3554.0"
"DimensionData","","32","153","2108","-1","-1","","","","Choose between economic, standard and high-performance disks<br />All prices are given for standard disks","3629.0"
"DimensionData","","1","191","2108","-1","-1","","","","Choose between economic, standard and high-performance disks<br />All prices are given for standard disks","3449.0"
"DimensionData","","5","191","2108","-1","-1","","","","Choose between economic, standard and high-performance disks<br />All prices are given for standard disks","3548.0"
"DimensionData","","9","191","2108","-1","-1","","","","Choose between economic, standard and high-performance disks<br />All prices are given for standard disks","3647.0"
"DimensionData","","13","191","2108","-1","-1","","","","Choose between economic, standard and high-performance disks<br />All prices are given for standard disks","3747.0"
"DimensionData","","17","191","2108","-1","-1","","","","Choose between economic, standard and high-performance disks<br />All prices are given for standard disks","3846.0"
"DimensionData","","21","191","2108","-1","-1","","","","Choose between economic, standard and high-performance disks<br />All prices are given for standard disks","3945.0"
"DimensionData","","25","191","2108","-1","-1","","","","Choose between economic, standard and high-performance disks<br />All prices are given for standard disks","4045.0"
"DimensionData","","29","191","2108","-1","-1","","","","Choose between economic, standard and high-performance disks<br />All prices are given for standard disks","4144.0"
"DimensionData","","32","191","2108","-1","-1","","","","Choose between economic, standard and high-performance disks<br />All prices are given for standard disks","4218.0"
"DimensionData","","1","229","2108","-1","-1","","","","Choose between economic, standard and high-performance disks<br />All prices are given for standard disks","4038.0"
"DimensionData","","5","229","2108","-1","-1","","","","Choose between economic, standard and high-performance disks<br />All prices are given for standard disks","4138.0"
"DimensionData","","9","229","2108","-1","-1","","","","Choose between economic, standard and high-performance disks<br />All prices are given for standard disks","4237.0"
"DimensionData","","13","229","2108","-1","-1","","","","Choose between economic, standard and high-performance disks<br />All prices are given for standard disks","4336.0"
"DimensionData","","17","229","2108","-1","-1","","","","Choose between economic, standard and high-performance disks<br />All prices are given for standard disks","4435.0"
"DimensionData","","21","229","2108","-1","-1","","","","Choose between economic, standard and high-performance disks<br />All prices are given for standard disks","4535.0"
"DimensionData","","25","229","2108","-1","-1","","","","Choose between economic, standard and high-performance disks<br />All prices are given for standard disks","4634.0"
"DimensionData","","29","229","2108","-1","-1","","","","Choose between economic, standard and high-performance disks<br />All prices are given for standard disks","4733.0"
"DimensionData","","32","229","2108","-1","-1","","","","Choose between economic, standard and high-performance disks<br />All prices are given for standard disks","4808.0"
"DimensionData","","1","256","2108","-1","-1","","","","Choose between economic, standard and high-performance disks<br />All prices are given for standard disks","4457.0"
"DimensionData","","5","256","2108","-1","-1","","","","Choose between economic, standard and high-performance disks<br />All prices are given for standard disks","4556.0"
"DimensionData","","9","256","2108","-1","-1","","","","Choose between economic, standard and high-performance disks<br />All prices are given for standard disks","4656.0"
"DimensionData","","13","256","2108","-1","-1","","","","Choose between economic, standard and high-performance disks<br />All prices are given for standard disks","4755.0"
"DimensionData","","17","256","2108","-1","-1","","","","Choose between economic, standard and high-performance disks<br />All prices are given for standard disks","4854.0"
"DimensionData","","21","256","2108","-1","-1","","","","Choose between economic, standard and high-performance disks<br />All prices are given for standard disks","4954.0"
"DimensionData","","25","256","2108","-1","-1","","","","Choose between economic, standard and high-performance disks<br />All prices are given for standard disks","5053.0"
"DimensionData","","29","256","2108","-1","-1","","","","Choose between economic, standard and high-performance disks<br />All prices are given for standard disks","5152.0"
"DimensionData","","32","256","2108","-1","-1","","","","Choose between economic, standard and high-performance disks<br />All prices are given for standard disks","5227.0"
"DimensionData","","1","1","4206","-1","-1","","","","Choose between economic, standard and high-performance disks<br />All prices are given for standard disks","961.45"
"DimensionData","","5","1","4206","-1","-1","","","","Choose between economic, standard and high-performance disks<br />All prices are given for standard disks","1060.0"
"DimensionData","","9","1","4206","-1","-1","","","","Choose between economic, standard and high-performance disks<br />All prices are given for standard disks","1160.0"
"DimensionData","","13","1","4206","-1","-1","","","","Choose between economic, standard and high-performance disks<br />All prices are given for standard disks","1259.0"
"DimensionData","","17","1","4206","-1","-1","","","","Choose between economic, standard and high-performance disks<br />All prices are given for standard disks","1358.0"
"DimensionData","","21","1","4206","-1","-1","","","","Choose between economic, standard and high-performance disks<br />All prices are given for standard disks","1457.0"
"DimensionData","","25","1","4206","-1","-1","","","","Choose between economic, standard and high-performance disks<br />All prices are given for standard disks","1557.0"
"DimensionData","","29","1","4206","-1","-1","","","","Choose between economic, standard and high-performance disks<br />All prices are given for standard disks","1656.0"
"DimensionData","","32","1","4206","-1","-1","","","","Choose between economic, standard and high-performance disks<br />All prices are given for standard disks","1730.0"
"DimensionData","","1","39","4206","-1","-1","","","","Choose between economic, standard and high-performance disks<br />All prices are given for standard disks","1550.0"
"DimensionData","","5","39","4206","-1","-1","","","","Choose between economic, standard and high-performance disks<br />All prices are given for standard disks","1650.0"
"DimensionData","","9","39","4206","-1","-1","","","","Choose between economic, standard and high-performance disks<br />All prices are given for standard disks","1749.0"
"DimensionData","","13","39","4206","-1","-1","","","","Choose between economic, standard and high-performance disks<br />All prices are given for standard disks","1848.0"
"DimensionData","","17","39","4206","-1","-1","","","","Choose between economic, standard and high-performance disks<br />All prices are given for standard disks","1948.0"
"DimensionData","","21","39","4206","-1","-1","","","","Choose between economic, standard and high-performance disks<br />All prices are given for standard disks","2047.0"
"DimensionData","","25","39","4206","-1","-1","","","","Choose between economic, standard and high-performance disks<br />All prices are given for standard disks","2146.0"
"DimensionData","","29","39","4206","-1","-1","","","","Choose between economic, standard and high-performance disks<br />All prices are given for standard disks","2245.0"
"DimensionData","","32","39","4206","-1","-1","","","","Choose between economic, standard and high-performance disks<br />All prices are given for standard disks","2320.0"
"DimensionData","","1","77","4206","-1","-1","","","","Choose between economic, standard and high-performance disks<br />All prices are given for standard disks","2140.0"
"DimensionData","","5","77","4206","-1","-1","","","","Choose between economic, standard and high-performance disks<br />All prices are given for standard disks","2239.0"
"DimensionData","","9","77","4206","-1","-1","","","","Choose between economic, standard and high-performance disks<br />All prices are given for standard disks","2338.0"
"DimensionData","","13","77","4206","-1","-1","","","","Choose between economic, standard and high-performance disks<br />All prices are given for standard disks","2438.0"
"DimensionData","","17","77","4206","-1","-1","","","","Choose between economic, standard and high-performance disks<br />All prices are given for standard disks","2537.0"
"DimensionData","","21","77","4206","-1","-1","","","","Choose between economic, standard and high-performance disks<br />All prices are given for standard disks","2636.0"
"DimensionData","","25","77","4206","-1","-1","","","","Choose between economic, standard and high-performance disks<br />All prices are given for standard disks","2736.0"
"DimensionData","","29","77","4206","-1","-1","","","","Choose between economic, standard and high-performance disks<br />All prices are given for standard disks","2835.0"
"DimensionData","","32","77","4206","-1","-1","","","","Choose between economic, standard and high-performance disks<br />All prices are given for standard disks","2909.0"
"DimensionData","","1","115","4206","-1","-1","","","","Choose between economic, standard and high-performance disks<br />All prices are given for standard disks","2729.0"
"DimensionData","","5","115","4206","-1","-1","","","","Choose between economic, standard and high-performance disks<br />All prices are given for standard disks","2829.0"
"DimensionData","","9","115","4206","-1","-1","","","","Choose between economic, standard and high-performance disks<br />All prices are given for standard disks","2928.0"
"DimensionData","","13","115","4206","-1","-1","","","","Choose between economic, standard and high-performance disks<br />All prices are given for standard disks","3027.0"
"DimensionData","","17","115","4206","-1","-1","","","","Choose between economic, standard and high-performance disks<br />All prices are given for standard disks","3126.0"
"DimensionData","","21","115","4206","-1","-1","","","","Choose between economic, standard and high-performance disks<br />All prices are given for standard disks","3226.0"
"DimensionData","","25","115","4206","-1","-1","","","","Choose between economic, standard and high-performance disks<br />All prices are given for standard disks","3325.0"
"DimensionData","","29","115","4206","-1","-1","","","","Choose between economic, standard and high-performance disks<br />All prices are given for standard disks","3424.0"
"DimensionData","","32","115","4206","-1","-1","","","","Choose between economic, standard and high-performance disks<br />All prices are given for standard disks","3499.0"
"DimensionData","","1","153","4206","-1","-1","","","","Choose between economic, standard and high-performance disks<br />All prices are given for standard disks","3319.0"
"DimensionData","","5","153","4206","-1","-1","","","","Choose between economic, standard and high-performance disks<br />All prices are given for standard disks","3418.0"
"DimensionData","","9","153","4206","-1","-1","","","","Choose between economic, standard and high-performance disks<br />All prices are given for standard disks","3517.0"
"DimensionData","","13","153","4206","-1","-1","","","","Choose between economic, standard and high-performance disks<br />All prices are given for standard disks","3617.0"
"DimensionData","","17","153","4206","-1","-1","","","","Choose between economic, standard and high-performance disks<br />All prices are given for standard disks","3716.0"
"DimensionData","","21","153","4206","-1","-1","","","","Choose between economic, standard and high-performance disks<br />All prices are given for standard disks","3815.0"
"DimensionData","","25","153","4206","-1","-1","","","","Choose between economic, standard and high-performance disks<br />All prices are given for standard disks","3915.0"
"DimensionData","","29","153","4206","-1","-1","","","","Choose between economic, standard and high-performance disks<br />All prices are given for standard disks","4014.0"
"DimensionData","","32","153","4206","-1","-1","","","","Choose between economic, standard and high-performance disks<br />All prices are given for standard disks","4088.0"
"DimensionData","","1","191","4206","-1","-1","","","","Choose between economic, standard and high-performance disks<br />All prices are given for standard disks","3908.0"
"DimensionData","","5","191","4206","-1","-1","","","","Choose between economic, standard and high-performance disks<br />All prices are given for standard disks","4008.0"
"DimensionData","","9","191","4206","-1","-1","","","","Choose between economic, standard and high-performance disks<br />All prices are given for standard disks","4107.0"
"DimensionData","","13","191","4206","-1","-1","","","","Choose between economic, standard and high-performance disks<br />All prices are given for standard disks","4206.0"
"DimensionData","","17","191","4206","-1","-1","","","","Choose between economic, standard and high-performance disks<br />All prices are given for standard disks","4305.0"
"DimensionData","","21","191","4206","-1","-1","","","","Choose between economic, standard and high-performance disks<br />All prices are given for standard disks","4405.0"
"DimensionData","","25","191","4206","-1","-1","","","","Choose between economic, standard and high-performance disks<br />All prices are given for standard disks","4504.0"
"DimensionData","","29","191","4206","-1","-1","","","","Choose between economic, standard and high-performance disks<br />All prices are given for standard disks","4603.0"
"DimensionData","","32","191","4206","-1","-1","","","","Choose between economic, standard and high-performance disks<br />All prices are given for standard disks","4678.0"
"DimensionData","","1","229","4206","-1","-1","","","","Choose between economic, standard and high-performance disks<br />All prices are given for standard disks","4498.0"
"DimensionData","","5","229","4206","-1","-1","","","","Choose between economic, standard and high-performance disks<br />All prices are given for standard disks","4597.0"
"DimensionData","","9","229","4206","-1","-1","","","","Choose between economic, standard and high-performance disks<br />All prices are given for standard disks","4696.0"
"DimensionData","","13","229","4206","-1","-1","","","","Choose between economic, standard and high-performance disks<br />All prices are given for standard disks","4796.0"
"DimensionData","","17","229","4206","-1","-1","","","","Choose between economic, standard and high-performance disks<br />All prices are given for standard disks","4895.0"
"DimensionData","","21","229","4206","-1","-1","","","","Choose between economic, standard and high-performance disks<br />All prices are given for standard disks","4994.0"
"DimensionData","","25","229","4206","-1","-1","","","","Choose between economic, standard and high-performance disks<br />All prices are given for standard disks","5093.0"
"DimensionData","","29","229","4206","-1","-1","","","","Choose between economic, standard and high-performance disks<br />All prices are given for standard disks","5193.0"
"DimensionData","","32","229","4206","-1","-1","","","","Choose between economic, standard and high-performance disks<br />All prices are given for standard disks","5267.0"
"DimensionData","","1","256","4206","-1","-1","","","","Choose between economic, standard and high-performance disks<br />All prices are given for standard disks","4917.0"
"DimensionData","","5","256","4206","-1","-1","","","","Choose between economic, standard and high-performance disks<br />All prices are given for standard disks","5016.0"
"DimensionData","","9","256","4206","-1","-1","","","","Choose between economic, standard and high-performance disks<br />All prices are given for standard disks","5115.0"
"DimensionData","","13","256","4206","-1","-1","","","","Choose between economic, standard and high-performance disks<br />All prices are given for standard disks","5214.0"
"DimensionData","","17","256","4206","-1","-1","","","","Choose between economic, standard and high-performance disks<br />All prices are given for standard disks","5314.0"
"DimensionData","","21","256","4206","-1","-1","","","","Choose between economic, standard and high-performance disks<br />All prices are given for standard disks","5413.0"
"DimensionData","","25","256","4206","-1","-1","","","","Choose between economic, standard and high-performance disks<br />All prices are given for standard disks","5512.0"
"DimensionData","","29","256","4206","-1","-1","","","","Choose between economic, standard and high-performance disks<br />All prices are given for standard disks","5612.0"
"DimensionData","","32","256","4206","-1","-1","","","","Choose between economic, standard and high-performance disks<br />All prices are given for standard disks","5686.0"
"DimensionData","","1","1","6304","-1","-1","","","","Choose between economic, standard and high-performance disks<br />All prices are given for standard disks","1420.0"
"DimensionData","","5","1","6304","-1","-1","","","","Choose between economic, standard and high-performance disks<br />All prices are given for standard disks","1520.0"
"DimensionData","","9","1","6304","-1","-1","","","","Choose between economic, standard and high-performance disks<br />All prices are given for standard disks","1619.0"
"DimensionData","","13","1","6304","-1","-1","","","","Choose between economic, standard and high-performance disks<br />All prices are given for standard disks","1718.0"
"DimensionData","","17","1","6304","-1","-1","","","","Choose between economic, standard and high-performance disks<br />All prices are given for standard disks","1818.0"
"DimensionData","","21","1","6304","-1","-1","","","","Choose between economic, standard and high-performance disks<br />All prices are given for standard disks","1917.0"
"DimensionData","","25","1","6304","-1","-1","","","","Choose between economic, standard and high-performance disks<br />All prices are given for standard disks","2016.0"
"DimensionData","","29","1","6304","-1","-1","","","","Choose between economic, standard and high-performance disks<br />All prices are given for standard disks","2115.0"
"DimensionData","","32","1","6304","-1","-1","","","","Choose between economic, standard and high-performance disks<br />All prices are given for standard disks","2190.0"
"DimensionData","","1","39","6304","-1","-1","","","","Choose between economic, standard and high-performance disks<br />All prices are given for standard disks","2010.0"
"DimensionData","","5","39","6304","-1","-1","","","","Choose between economic, standard and high-performance disks<br />All prices are given for standard disks","2109.0"
"DimensionData","","9","39","6304","-1","-1","","","","Choose between economic, standard and high-performance disks<br />All prices are given for standard disks","2208.0"
"DimensionData","","13","39","6304","-1","-1","","","","Choose between economic, standard and high-performance disks<br />All prices are given for standard disks","2308.0"
"DimensionData","","17","39","6304","-1","-1","","","","Choose between economic, standard and high-performance disks<br />All prices are given for standard disks","2407.0"
"DimensionData","","21","39","6304","-1","-1","","","","Choose between economic, standard and high-performance disks<br />All prices are given for standard disks","2506.0"
"DimensionData","","25","39","6304","-1","-1","","","","Choose between economic, standard and high-performance disks<br />All prices are given for standard disks","2606.0"
"DimensionData","","29","39","6304","-1","-1","","","","Choose between economic, standard and high-performance disks<br />All prices are given for standard disks","2705.0"
"DimensionData","","32","39","6304","-1","-1","","","","Choose between economic, standard and high-performance disks<br />All prices are given for standard disks","2779.0"
"DimensionData","","1","77","6304","-1","-1","","","","Choose between economic, standard and high-performance disks<br />All prices are given for standard disks","2599.0"
"DimensionData","","5","77","6304","-1","-1","","","","Choose between economic, standard and high-performance disks<br />All prices are given for standard disks","2699.0"
"DimensionData","","9","77","6304","-1","-1","","","","Choose between economic, standard and high-performance disks<br />All prices are given for standard disks","2798.0"
"DimensionData","","13","77","6304","-1","-1","","","","Choose between economic, standard and high-performance disks<br />All prices are given for standard disks","2897.0"
"DimensionData","","17","77","6304","-1","-1","","","","Choose between economic, standard and high-performance disks<br />All prices are given for standard disks","2996.0"
"DimensionData","","21","77","6304","-1","-1","","","","Choose between economic, standard and high-performance disks<br />All prices are given for standard disks","3096.0"
"DimensionData","","25","77","6304","-1","-1","","","","Choose between economic, standard and high-performance disks<br />All prices are given for standard disks","3195.0"
"DimensionData","","29","77","6304","-1","-1","","","","Choose between economic, standard and high-performance disks<br />All prices are given for standard disks","3294.0"
"DimensionData","","32","77","6304","-1","-1","","","","Choose between economic, standard and high-performance disks<br />All prices are given for standard disks","3369.0"
"DimensionData","","1","115","6304","-1","-1","","","","Choose between economic, standard and high-performance disks<br />All prices are given for standard disks","3189.0"
"DimensionData","","5","115","6304","-1","-1","","","","Choose between economic, standard and high-performance disks<br />All prices are given for standard disks","3288.0"
"DimensionData","","9","115","6304","-1","-1","","","","Choose between economic, standard and high-performance disks<br />All prices are given for standard disks","3387.0"
"DimensionData","","13","115","6304","-1","-1","","","","Choose between economic, standard and high-performance disks<br />All prices are given for standard disks","3487.0"
"DimensionData","","17","115","6304","-1","-1","","","","Choose between economic, standard and high-performance disks<br />All prices are given for standard disks","3586.0"
"DimensionData","","21","115","6304","-1","-1","","","","Choose between economic, standard and high-performance disks<br />All prices are given for standard disks","3685.0"
"DimensionData","","25","115","6304","-1","-1","","","","Choose between economic, standard and high-performance disks<br />All prices are given for standard disks","3785.0"
"DimensionData","","29","115","6304","-1","-1","","","","Choose between economic, standard and high-performance disks<br />All prices are given for standard disks","3884.0"
"DimensionData","","32","115","6304","-1","-1","","","","Choose between economic, standard and high-performance disks<br />All prices are given for standard disks","3958.0"
"DimensionData","","1","153","6304","-1","-1","","","","Choose between economic, standard and high-performance disks<br />All prices are given for standard disks","3778.0"
"DimensionData","","5","153","6304","-1","-1","","","","Choose between economic, standard and high-performance disks<br />All prices are given for standard disks","3878.0"
"DimensionData","","9","153","6304","-1","-1","","","","Choose between economic, standard and high-performance disks<br />All prices are given for standard disks","3977.0"
"DimensionData","","13","153","6304","-1","-1","","","","Choose between economic, standard and high-performance disks<br />All prices are given for standard disks","4076.0"
"DimensionData","","17","153","6304","-1","-1","","","","Choose between economic, standard and high-performance disks<br />All prices are given for standard disks","4175.0"
"DimensionData","","21","153","6304","-1","-1","","","","Choose between economic, standard and high-performance disks<br />All prices are given for standard disks","4275.0"
"DimensionData","","25","153","6304","-1","-1","","","","Choose between economic, standard and high-performance disks<br />All prices are given for standard disks","4374.0"
"DimensionData","","29","153","6304","-1","-1","","","","Choose between economic, standard and high-performance disks<br />All prices are given for standard disks","4473.0"
"DimensionData","","32","153","6304","-1","-1","","","","Choose between economic, standard and high-performance disks<br />All prices are given for standard disks","4548.0"
"DimensionData","","1","191","6304","-1","-1","","","","Choose between economic, standard and high-performance disks<br />All prices are given for standard disks","4368.0"
"DimensionData","","5","191","6304","-1","-1","","","","Choose between economic, standard and high-performance disks<br />All prices are given for standard disks","4467.0"
"DimensionData","","9","191","6304","-1","-1","","","","Choose between economic, standard and high-performance disks<br />All prices are given for standard disks","4566.0"
"DimensionData","","13","191","6304","-1","-1","","","","Choose between economic, standard and high-performance disks<br />All prices are given for standard disks","4666.0"
"DimensionData","","17","191","6304","-1","-1","","","","Choose between economic, standard and high-performance disks<br />All prices are given for standard disks","4765.0"
"DimensionData","","21","191","6304","-1","-1","","","","Choose between economic, standard and high-performance disks<br />All prices are given for standard disks","4864.0"
"DimensionData","","25","191","6304","-1","-1","","","","Choose between economic, standard and high-performance disks<br />All prices are given for standard disks","4963.0"
"DimensionData","","29","191","6304","-1","-1","","","","Choose between economic, standard and high-performance disks<br />All prices are given for standard disks","5063.0"
"DimensionData","","32","191","6304","-1","-1","","","","Choose between economic, standard and high-performance disks<br />All prices are given for standard disks","5137.0"
"DimensionData","","1","229","6304","-1","-1","","","","Choose between economic, standard and high-performance disks<br />All prices are given for standard disks","4957.0"
"DimensionData","","5","229","6304","-1","-1","","","","Choose between economic, standard and high-performance disks<br />All prices are given for standard disks","5057.0"
"DimensionData","","9","229","6304","-1","-1","","","","Choose between economic, standard and high-performance disks<br />All prices are given for standard disks","5156.0"
"DimensionData","","13","229","6304","-1","-1","","","","Choose between economic, standard and high-performance disks<br />All prices are given for standard disks","5255.0"
"DimensionData","","17","229","6304","-1","-1","","","","Choose between economic, standard and high-performance disks<br />All prices are given for standard disks","5354.0"
"DimensionData","","21","229","6304","-1","-1","","","","Choose between economic, standard and high-performance disks<br />All prices are given for standard disks","5454.0"
"DimensionData","","25","229","6304","-1","-1","","","","Choose between economic, standard and high-performance disks<br />All prices are given for standard disks","5553.0"
"DimensionData","","29","229","6304","-1","-1","","","","Choose between economic, standard and high-performance disks<br />All prices are given for standard disks","5652.0"
"DimensionData","","32","229","6304","-1","-1","","","","Choose between economic, standard and high-performance disks<br />All prices are given for standard disks","5727.0"
"DimensionData","","1","256","6304","-1","-1","","","","Choose between economic, standard and high-performance disks<br />All prices are given for standard disks","5376.0"
"DimensionData","","5","256","6304","-1","-1","","","","Choose between economic, standard and high-performance disks<br />All prices are given for standard disks","5475.0"
"DimensionData","","9","256","6304","-1","-1","","","","Choose between economic, standard and high-performance disks<br />All prices are given for standard disks","5575.0"
"DimensionData","","13","256","6304","-1","-1","","","","Choose between economic, standard and high-performance disks<br />All prices are given for standard disks","5674.0"
"DimensionData","","17","256","6304","-1","-1","","","","Choose between economic, standard and high-performance disks<br />All prices are given for standard disks","5773.0"
"DimensionData","","21","256","6304","-1","-1","","","","Choose between economic, standard and high-performance disks<br />All prices are given for standard disks","5872.0"
"DimensionData","","25","256","6304","-1","-1","","","","Choose between economic, standard and high-performance disks<br />All prices are given for standard disks","5972.0"
"DimensionData","","29","256","6304","-1","-1","","","","Choose between economic, standard and high-performance disks<br />All prices are given for standard disks","6071.0"
"DimensionData","","32","256","6304","-1","-1","","","","Choose between economic, standard and high-performance disks<br />All prices are given for standard disks","6146.0"
"DimensionData","","1","1","8402","-1","-1","","","","Choose between economic, standard and high-performance disks<br />All prices are given for standard disks","1880.0"
"DimensionData","","5","1","8402","-1","-1","","","","Choose between economic, standard and high-performance disks<br />All prices are given for standard disks","1979.0"
"DimensionData","","9","1","8402","-1","-1","","","","Choose between economic, standard and high-performance disks<br />All prices are given for standard disks","2078.0"
"DimensionData","","13","1","8402","-1","-1","","","","Choose between economic, standard and high-performance disks<br />All prices are given for standard disks","2178.0"
"DimensionData","","17","1","8402","-1","-1","","","","Choose between economic, standard and high-performance disks<br />All prices are given for standard disks","2277.0"
"DimensionData","","21","1","8402","-1","-1","","","","Choose between economic, standard and high-performance disks<br />All prices are given for standard disks","2376.0"
"DimensionData","","25","1","8402","-1","-1","","","","Choose between economic, standard and high-performance disks<br />All prices are given for standard disks","2476.0"
"DimensionData","","29","1","8402","-1","-1","","","","Choose between economic, standard and high-performance disks<br />All prices are given for standard disks","2575.0"
"DimensionData","","32","1","8402","-1","-1","","","","Choose between economic, standard and high-performance disks<br />All prices are given for standard disks","2649.0"
"DimensionData","","1","39","8402","-1","-1","","","","Choose between economic, standard and high-performance disks<br />All prices are given for standard disks","2469.0"
"DimensionData","","5","39","8402","-1","-1","","","","Choose between economic, standard and high-performance disks<br />All prices are given for standard disks","2569.0"
"DimensionData","","9","39","8402","-1","-1","","","","Choose between economic, standard and high-performance disks<br />All prices are given for standard disks","2668.0"
"DimensionData","","13","39","8402","-1","-1","","","","Choose between economic, standard and high-performance disks<br />All prices are given for standard disks","2767.0"
"DimensionData","","17","39","8402","-1","-1","","","","Choose between economic, standard and high-performance disks<br />All prices are given for standard disks","2866.0"
"DimensionData","","21","39","8402","-1","-1","","","","Choose between economic, standard and high-performance disks<br />All prices are given for standard disks","2966.0"
"DimensionData","","25","39","8402","-1","-1","","","","Choose between economic, standard and high-performance disks<br />All prices are given for standard disks","3065.0"
"DimensionData","","29","39","8402","-1","-1","","","","Choose between economic, standard and high-performance disks<br />All prices are given for standard disks","3164.0"
"DimensionData","","32","39","8402","-1","-1","","","","Choose between economic, standard and high-performance disks<br />All prices are given for standard disks","3239.0"
"DimensionData","","1","77","8402","-1","-1","","","","Choose between economic, standard and high-performance disks<br />All prices are given for standard disks","3059.0"
"DimensionData","","5","77","8402","-1","-1","","","","Choose between economic, standard and high-performance disks<br />All prices are given for standard disks","3158.0"
"DimensionData","","9","77","8402","-1","-1","","","","Choose between economic, standard and high-performance disks<br />All prices are given for standard disks","3257.0"
"DimensionData","","13","77","8402","-1","-1","","","","Choose between economic, standard and high-performance disks<br />All prices are given for standard disks","3357.0"
"DimensionData","","17","77","8402","-1","-1","","","","Choose between economic, standard and high-performance disks<br />All prices are given for standard disks","3456.0"
"DimensionData","","21","77","8402","-1","-1","","","","Choose between economic, standard and high-performance disks<br />All prices are given for standard disks","3555.0"
"DimensionData","","25","77","8402","-1","-1","","","","Choose between economic, standard and high-performance disks<br />All prices are given for standard disks","3655.0"
"DimensionData","","29","77","8402","-1","-1","","","","Choose between economic, standard and high-performance disks<br />All prices are given for standard disks","3754.0"
"DimensionData","","32","77","8402","-1","-1","","","","Choose between economic, standard and high-performance disks<br />All prices are given for standard disks","3828.0"
"DimensionData","","1","115","8402","-1","-1","","","","Choose between economic, standard and high-performance disks<br />All prices are given for standard disks","3648.0"
"DimensionData","","5","115","8402","-1","-1","","","","Choose between economic, standard and high-performance disks<br />All prices are given for standard disks","3748.0"
"DimensionData","","9","115","8402","-1","-1","","","","Choose between economic, standard and high-performance disks<br />All prices are given for standard disks","3847.0"
"DimensionData","","13","115","8402","-1","-1","","","","Choose between economic, standard and high-performance disks<br />All prices are given for standard disks","3946.0"
"DimensionData","","17","115","8402","-1","-1","","","","Choose between economic, standard and high-performance disks<br />All prices are given for standard disks","4045.0"
"DimensionData","","21","115","8402","-1","-1","","","","Choose between economic, standard and high-performance disks<br />All prices are given for standard disks","4145.0"
"DimensionData","","25","115","8402","-1","-1","","","","Choose between economic, standard and high-performance disks<br />All prices are given for standard disks","4244.0"
"DimensionData","","29","115","8402","-1","-1","","","","Choose between economic, standard and high-performance disks<br />All prices are given for standard disks","4343.0"
"DimensionData","","32","115","8402","-1","-1","","","","Choose between economic, standard and high-performance disks<br />All prices are given for standard disks","4418.0"
"DimensionData","","1","153","8402","-1","-1","","","","Choose between economic, standard and high-performance disks<br />All prices are given for standard disks","4238.0"
"DimensionData","","5","153","8402","-1","-1","","","","Choose between economic, standard and high-performance disks<br />All prices are given for standard disks","4337.0"
"DimensionData","","9","153","8402","-1","-1","","","","Choose between economic, standard and high-performance disks<br />All prices are given for standard disks","4436.0"
"DimensionData","","13","153","8402","-1","-1","","","","Choose between economic, standard and high-performance disks<br />All prices are given for standard disks","4536.0"
"DimensionData","","17","153","8402","-1","-1","","","","Choose between economic, standard and high-performance disks<br />All prices are given for standard disks","4635.0"
"DimensionData","","21","153","8402","-1","-1","","","","Choose between economic, standard and high-performance disks<br />All prices are given for standard disks","4734.0"
"DimensionData","","25","153","8402","-1","-1","","","","Choose between economic, standard and high-performance disks<br />All prices are given for standard disks","4833.0"
"DimensionData","","29","153","8402","-1","-1","","","","Choose between economic, standard and high-performance disks<br />All prices are given for standard disks","4933.0"
"DimensionData","","32","153","8402","-1","-1","","","","Choose between economic, standard and high-performance disks<br />All prices are given for standard disks","5007.0"
"DimensionData","","1","191","8402","-1","-1","","","","Choose between economic, standard and high-performance disks<br />All prices are given for standard disks","4827.0"
"DimensionData","","5","191","8402","-1","-1","","","","Choose between economic, standard and high-performance disks<br />All prices are given for standard disks","4927.0"
"DimensionData","","9","191","8402","-1","-1","","","","Choose between economic, standard and high-performance disks<br />All prices are given for standard disks","5026.0"
"DimensionData","","13","191","8402","-1","-1","","","","Choose between economic, standard and high-performance disks<br />All prices are given for standard disks","5125.0"
"DimensionData","","17","191","8402","-1","-1","","","","Choose between economic, standard and high-performance disks<br />All prices are given for standard disks","5224.0"
"DimensionData","","21","191","8402","-1","-1","","","","Choose between economic, standard and high-performance disks<br />All prices are given for standard disks","5324.0"
"DimensionData","","25","191","8402","-1","-1","","","","Choose between economic, standard and high-performance disks<br />All prices are given for standard disks","5423.0"
"DimensionData","","29","191","8402","-1","-1","","","","Choose between economic, standard and high-performance disks<br />All prices are given for standard disks","5522.0"
"DimensionData","","32","191","8402","-1","-1","","","","Choose between economic, standard and high-performance disks<br />All prices are given for standard disks","5597.0"
"DimensionData","","1","229","8402","-1","-1","","","","Choose between economic, standard and high-performance disks<br />All prices are given for standard disks","5417.0"
"DimensionData","","5","229","8402","-1","-1","","","","Choose between economic, standard and high-performance disks<br />All prices are given for standard disks","5516.0"
"DimensionData","","9","229","8402","-1","-1","","","","Choose between economic, standard and high-performance disks<br />All prices are given for standard disks","5615.0"
"DimensionData","","13","229","8402","-1","-1","","","","Choose between economic, standard and high-performance disks<br />All prices are given for standard disks","5715.0"
"DimensionData","","17","229","8402","-1","-1","","","","Choose between economic, standard and high-performance disks<br />All prices are given for standard disks","5814.0"
"DimensionData","","21","229","8402","-1","-1","","","","Choose between economic, standard and high-performance disks<br />All prices are given for standard disks","5913.0"
"DimensionData","","25","229","8402","-1","-1","","","","Choose between economic, standard and high-performance disks<br />All prices are given for standard disks","6012.0"
"DimensionData","","29","229","8402","-1","-1","","","","Choose between economic, standard and high-performance disks<br />All prices are given for standard disks","6112.0"
"DimensionData","","32","229","8402","-1","-1","","","","Choose between economic, standard and high-performance disks<br />All prices are given for standard disks","6186.0"
"DimensionData","","1","256","8402","-1","-1","","","","Choose between economic, standard and high-performance disks<br />All prices are given for standard disks","5836.0"
"DimensionData","","5","256","8402","-1","-1","","","","Choose between economic, standard and high-performance disks<br />All prices are given for standard disks","5935.0"
"DimensionData","","9","256","8402","-1","-1","","","","Choose between economic, standard and high-performance disks<br />All prices are given for standard disks","6034.0"
"DimensionData","","13","256","8402","-1","-1","","","","Choose between economic, standard and high-performance disks<br />All prices are given for standard disks","6133.0"
"DimensionData","","17","256","8402","-1","-1","","","","Choose between economic, standard and high-performance disks<br />All prices are given for standard disks","6233.0"
"DimensionData","","21","256","8402","-1","-1","","","","Choose between economic, standard and high-performance disks<br />All prices are given for standard disks","6332.0"
"DimensionData","","25","256","8402","-1","-1","","","","Choose between economic, standard and high-performance disks<br />All prices are given for standard disks","6431.0"
"DimensionData","","29","256","8402","-1","-1","","","","Choose between economic, standard and high-performance disks<br />All prices are given for standard disks","6531.0"
"DimensionData","","32","256","8402","-1","-1","","","","Choose between economic, standard and high-performance disks<br />All prices are given for standard disks","6605.0"
"DimensionData","","1","1","10500","-1","-1","","","","Choose between economic, standard and high-performance disks<br />All prices are given for standard disks","2339.0"
"DimensionData","","5","1","10500","-1","-1","","","","Choose between economic, standard and high-performance disks<br />All prices are given for standard disks","2439.0"
"DimensionData","","9","1","10500","-1","-1","","","","Choose between economic, standard and high-performance disks<br />All prices are given for standard disks","2538.0"
"DimensionData","","13","1","10500","-1","-1","","","","Choose between economic, standard and high-performance disks<br />All prices are given for standard disks","2637.0"
"DimensionData","","17","1","10500","-1","-1","","","","Choose between economic, standard and high-performance disks<br />All prices are given for standard disks","2736.0"
"DimensionData","","21","1","10500","-1","-1","","","","Choose between economic, standard and high-performance disks<br />All prices are given for standard disks","2836.0"
"DimensionData","","25","1","10500","-1","-1","","","","Choose between economic, standard and high-performance disks<br />All prices are given for standard disks","2935.0"
"DimensionData","","29","1","10500","-1","-1","","","","Choose between economic, standard and high-performance disks<br />All prices are given for standard disks","3034.0"
"DimensionData","","32","1","10500","-1","-1","","","","Choose between economic, standard and high-performance disks<br />All prices are given for standard disks","3109.0"
"DimensionData","","1","39","10500","-1","-1","","","","Choose between economic, standard and high-performance disks<br />All prices are given for standard disks","2929.0"
"DimensionData","","5","39","10500","-1","-1","","","","Choose between economic, standard and high-performance disks<br />All prices are given for standard disks","3028.0"
"DimensionData","","9","39","10500","-1","-1","","","","Choose between economic, standard and high-performance disks<br />All prices are given for standard disks","3127.0"
"DimensionData","","13","39","10500","-1","-1","","","","Choose between economic, standard and high-performance disks<br />All prices are given for standard disks","3227.0"
"DimensionData","","17","39","10500","-1","-1","","","","Choose between economic, standard and high-performance disks<br />All prices are given for standard disks","3326.0"
"DimensionData","","21","39","10500","-1","-1","","","","Choose between economic, standard and high-performance disks<br />All prices are given for standard disks","3425.0"
"DimensionData","","25","39","10500","-1","-1","","","","Choose between economic, standard and high-performance disks<br />All prices are given for standard disks","3524.0"
"DimensionData","","29","39","10500","-1","-1","","","","Choose between economic, standard and high-performance disks<br />All prices are given for standard disks","3624.0"
"DimensionData","","32","39","10500","-1","-1","","","","Choose between economic, standard and high-performance disks<br />All prices are given for standard disks","3698.0"
"DimensionData","","1","77","10500","-1","-1","","","","Choose between economic, standard and high-performance disks<br />All prices are given for standard disks","3518.0"
"DimensionData","","5","77","10500","-1","-1","","","","Choose between economic, standard and high-performance disks<br />All prices are given for standard disks","3618.0"
"DimensionData","","9","77","10500","-1","-1","","","","Choose between economic, standard and high-performance disks<br />All prices are given for standard disks","3717.0"
"DimensionData","","13","77","10500","-1","-1","","","","Choose between economic, standard and high-performance disks<br />All prices are given for standard disks","3816.0"
"DimensionData","","17","77","10500","-1","-1","","","","Choose between economic, standard and high-performance disks<br />All prices are given for standard disks","3915.0"
"DimensionData","","21","77","10500","-1","-1","","","","Choose between economic, standard and high-performance disks<br />All prices are given for standard disks","4015.0"
"DimensionData","","25","77","10500","-1","-1","","","","Choose between economic, standard and high-performance disks<br />All prices are given for standard disks","4114.0"
"DimensionData","","29","77","10500","-1","-1","","","","Choose between economic, standard and high-performance disks<br />All prices are given for standard disks","4213.0"
"DimensionData","","32","77","10500","-1","-1","","","","Choose between economic, standard and high-performance disks<br />All prices are given for standard disks","4288.0"
"DimensionData","","1","115","10500","-1","-1","","","","Choose between economic, standard and high-performance disks<br />All prices are given for standard disks","4108.0"
"DimensionData","","5","115","10500","-1","-1","","","","Choose between economic, standard and high-performance disks<br />All prices are given for standard disks","4207.0"
"DimensionData","","9","115","10500","-1","-1","","","","Choose between economic, standard and high-performance disks<br />All prices are given for standard disks","4306.0"
"DimensionData","","13","115","10500","-1","-1","","","","Choose between economic, standard and high-performance disks<br />All prices are given for standard disks","4406.0"
"DimensionData","","17","115","10500","-1","-1","","","","Choose between economic, standard and high-performance disks<br />All prices are given for standard disks","4505.0"
"DimensionData","","21","115","10500","-1","-1","","","","Choose between economic, standard and high-performance disks<br />All prices are given for standard disks","4604.0"
"DimensionData","","25","115","10500","-1","-1","","","","Choose between economic, standard and high-performance disks<br />All prices are given for standard disks","4703.0"
"DimensionData","","29","115","10500","-1","-1","","","","Choose between economic, standard and high-performance disks<br />All prices are given for standard disks","4803.0"
"DimensionData","","32","115","10500","-1","-1","","","","Choose between economic, standard and high-performance disks<br />All prices are given for standard disks","4877.0"
"DimensionData","","1","153","10500","-1","-1","","","","Choose between economic, standard and high-performance disks<br />All prices are given for standard disks","4697.0"
"DimensionData","","5","153","10500","-1","-1","","","","Choose between economic, standard and high-performance disks<br />All prices are given for standard disks","4797.0"
"DimensionData","","9","153","10500","-1","-1","","","","Choose between economic, standard and high-performance disks<br />All prices are given for standard disks","4896.0"
"DimensionData","","13","153","10500","-1","-1","","","","Choose between economic, standard and high-performance disks<br />All prices are given for standard disks","4995.0"
"DimensionData","","17","153","10500","-1","-1","","","","Choose between economic, standard and high-performance disks<br />All prices are given for standard disks","5094.0"
"DimensionData","","21","153","10500","-1","-1","","","","Choose between economic, standard and high-performance disks<br />All prices are given for standard disks","5194.0"
"DimensionData","","25","153","10500","-1","-1","","","","Choose between economic, standard and high-performance disks<br />All prices are given for standard disks","5293.0"
"DimensionData","","29","153","10500","-1","-1","","","","Choose between economic, standard and high-performance disks<br />All prices are given for standard disks","5392.0"
"DimensionData","","32","153","10500","-1","-1","","","","Choose between economic, standard and high-performance disks<br />All prices are given for standard disks","5467.0"
"DimensionData","","1","191","10500","-1","-1","","","","Choose between economic, standard and high-performance disks<br />All prices are given for standard disks","5287.0"
"DimensionData","","5","191","10500","-1","-1","","","","Choose between economic, standard and high-performance disks<br />All prices are given for standard disks","5386.0"
"DimensionData","","9","191","10500","-1","-1","","","","Choose between economic, standard and high-performance disks<br />All prices are given for standard disks","5485.0"
"DimensionData","","13","191","10500","-1","-1","","","","Choose between economic, standard and high-performance disks<br />All prices are given for standard disks","5585.0"
"DimensionData","","17","191","10500","-1","-1","","","","Choose between economic, standard and high-performance disks<br />All prices are given for standard disks","5684.0"
"DimensionData","","21","191","10500","-1","-1","","","","Choose between economic, standard and high-performance disks<br />All prices are given for standard disks","5783.0"
"DimensionData","","25","191","10500","-1","-1","","","","Choose between economic, standard and high-performance disks<br />All prices are given for standard disks","5882.0"
"DimensionData","","29","191","10500","-1","-1","","","","Choose between economic, standard and high-performance disks<br />All prices are given for standard disks","5982.0"
"DimensionData","","32","191","10500","-1","-1","","","","Choose between economic, standard and high-performance disks<br />All prices are given for standard disks","6056.0"
"DimensionData","","1","229","10500","-1","-1","","","","Choose between economic, standard and high-performance disks<br />All prices are given for standard disks","5876.0"
"DimensionData","","5","229","10500","-1","-1","","","","Choose between economic, standard and high-performance disks<br />All prices are given for standard disks","5975.0"
"DimensionData","","9","229","10500","-1","-1","","","","Choose between economic, standard and high-performance disks<br />All prices are given for standard disks","6075.0"
"DimensionData","","13","229","10500","-1","-1","","","","Choose between economic, standard and high-performance disks<br />All prices are given for standard disks","6174.0"
"DimensionData","","17","229","10500","-1","-1","","","","Choose between economic, standard and high-performance disks<br />All prices are given for standard disks","6273.0"
"DimensionData","","21","229","10500","-1","-1","","","","Choose between economic, standard and high-performance disks<br />All prices are given for standard disks","6373.0"
"DimensionData","","25","229","10500","-1","-1","","","","Choose between economic, standard and high-performance disks<br />All prices are given for standard disks","6472.0"
"DimensionData","","29","229","10500","-1","-1","","","","Choose between economic, standard and high-performance disks<br />All prices are given for standard disks","6571.0"
"DimensionData","","32","229","10500","-1","-1","","","","Choose between economic, standard and high-performance disks<br />All prices are given for standard disks","6646.0"
"DimensionData","","1","256","10500","-1","-1","","","","Choose between economic, standard and high-performance disks<br />All prices are given for standard disks","6295.0"
"DimensionData","","5","256","10500","-1","-1","","","","Choose between economic, standard and high-performance disks<br />All prices are given for standard disks","6394.0"
"DimensionData","","9","256","10500","-1","-1","","","","Choose between economic, standard and high-performance disks<br />All prices are given for standard disks","6494.0"
"DimensionData","","13","256","10500","-1","-1","","","","Choose between economic, standard and high-performance disks<br />All prices are given for standard disks","6593.0"
"DimensionData","","17","256","10500","-1","-1","","","","Choose between economic, standard and high-performance disks<br />All prices are given for standard disks","6692.0"
"DimensionData","","21","256","10500","-1","-1","","","","Choose between economic, standard and high-performance disks<br />All prices are given for standard disks","6791.0"
"DimensionData","","25","256","10500","-1","-1","","","","Choose between economic, standard and high-performance disks<br />All prices are given for standard disks","6891.0"
"DimensionData","","29","256","10500","-1","-1","","","","Choose between economic, standard and high-performance disks<br />All prices are given for standard disks","6990.0"
"DimensionData","","32","256","10500","-1","-1","","","","Choose between economic, standard and high-performance disks<br />All prices are given for standard disks","7064.0"
"DimensionData","","1","1","12598","-1","-1","","","","Choose between economic, standard and high-performance disks<br />All prices are given for standard disks","2799.0"
"DimensionData","","5","1","12598","-1","-1","","","","Choose between economic, standard and high-performance disks<br />All prices are given for standard disks","2898.0"
"DimensionData","","9","1","12598","-1","-1","","","","Choose between economic, standard and high-performance disks<br />All prices are given for standard disks","2997.0"
"DimensionData","","13","1","12598","-1","-1","","","","Choose between economic, standard and high-performance disks<br />All prices are given for standard disks","3097.0"
"DimensionData","","17","1","12598","-1","-1","","","","Choose between economic, standard and high-performance disks<br />All prices are given for standard disks","3196.0"
"DimensionData","","21","1","12598","-1","-1","","","","Choose between economic, standard and high-performance disks<br />All prices are given for standard disks","3295.0"
"DimensionData","","25","1","12598","-1","-1","","","","Choose between economic, standard and high-performance disks<br />All prices are given for standard disks","3394.0"
"DimensionData","","29","1","12598","-1","-1","","","","Choose between economic, standard and high-performance disks<br />All prices are given for standard disks","3494.0"
"DimensionData","","32","1","12598","-1","-1","","","","Choose between economic, standard and high-performance disks<br />All prices are given for standard disks","3568.0"
"DimensionData","","1","39","12598","-1","-1","","","","Choose between economic, standard and high-performance disks<br />All prices are given for standard disks","3388.0"
"DimensionData","","5","39","12598","-1","-1","","","","Choose between economic, standard and high-performance disks<br />All prices are given for standard disks","3488.0"
"DimensionData","","9","39","12598","-1","-1","","","","Choose between economic, standard and high-performance disks<br />All prices are given for standard disks","3587.0"
"DimensionData","","13","39","12598","-1","-1","","","","Choose between economic, standard and high-performance disks<br />All prices are given for standard disks","3686.0"
"DimensionData","","17","39","12598","-1","-1","","","","Choose between economic, standard and high-performance disks<br />All prices are given for standard disks","3785.0"
"DimensionData","","21","39","12598","-1","-1","","","","Choose between economic, standard and high-performance disks<br />All prices are given for standard disks","3885.0"
"DimensionData","","25","39","12598","-1","-1","","","","Choose between economic, standard and high-performance disks<br />All prices are given for standard disks","3984.0"
"DimensionData","","29","39","12598","-1","-1","","","","Choose between economic, standard and high-performance disks<br />All prices are given for standard disks","4083.0"
"DimensionData","","32","39","12598","-1","-1","","","","Choose between economic, standard and high-performance disks<br />All prices are given for standard disks","4158.0"
"DimensionData","","1","77","12598","-1","-1","","","","Choose between economic, standard and high-performance disks<br />All prices are given for standard disks","3978.0"
"DimensionData","","5","77","12598","-1","-1","","","","Choose between economic, standard and high-performance disks<br />All prices are given for standard disks","4077.0"
"DimensionData","","9","77","12598","-1","-1","","","","Choose between economic, standard and high-performance disks<br />All prices are given for standard disks","4176.0"
"DimensionData","","13","77","12598","-1","-1","","","","Choose between economic, standard and high-performance disks<br />All prices are given for standard disks","4276.0"
"DimensionData","","17","77","12598","-1","-1","","","","Choose between economic, standard and high-performance disks<br />All prices are given for standard disks","4375.0"
"DimensionData","","21","77","12598","-1","-1","","","","Choose between economic, standard and high-performance disks<br />All prices are given for standard disks","4474.0"
"DimensionData","","25","77","12598","-1","-1","","","","Choose between economic, standard and high-performance disks<br />All prices are given for standard disks","4573.0"
"DimensionData","","29","77","12598","-1","-1","","","","Choose between economic, standard and high-performance disks<br />All prices are given for standard disks","4673.0"
"DimensionData","","32","77","12598","-1","-1","","","","Choose between economic, standard and high-performance disks<br />All prices are given for standard disks","4747.0"
"DimensionData","","1","115","12598","-1","-1","","","","Choose between economic, standard and high-performance disks<br />All prices are given for standard disks","4567.0"
"DimensionData","","5","115","12598","-1","-1","","","","Choose between economic, standard and high-performance disks<br />All prices are given for standard disks","4666.0"
"DimensionData","","9","115","12598","-1","-1","","","","Choose between economic, standard and high-performance disks<br />All prices are given for standard disks","4766.0"
"DimensionData","","13","115","12598","-1","-1","","","","Choose between economic, standard and high-performance disks<br />All prices are given for standard disks","4865.0"
"DimensionData","","17","115","12598","-1","-1","","","","Choose between economic, standard and high-performance disks<br />All prices are given for standard disks","4964.0"
"DimensionData","","21","115","12598","-1","-1","","","","Choose between economic, standard and high-performance disks<br />All prices are given for standard disks","5064.0"
"DimensionData","","25","115","12598","-1","-1","","","","Choose between economic, standard and high-performance disks<br />All prices are given for standard disks","5163.0"
"DimensionData","","29","115","12598","-1","-1","","","","Choose between economic, standard and high-performance disks<br />All prices are given for standard disks","5262.0"
"DimensionData","","32","115","12598","-1","-1","","","","Choose between economic, standard and high-performance disks<br />All prices are given for standard disks","5337.0"
"DimensionData","","1","153","12598","-1","-1","","","","Choose between economic, standard and high-performance disks<br />All prices are given for standard disks","5157.0"
"DimensionData","","5","153","12598","-1","-1","","","","Choose between economic, standard and high-performance disks<br />All prices are given for standard disks","5256.0"
"DimensionData","","9","153","12598","-1","-1","","","","Choose between economic, standard and high-performance disks<br />All prices are given for standard disks","5355.0"
"DimensionData","","13","153","12598","-1","-1","","","","Choose between economic, standard and high-performance disks<br />All prices are given for standard disks","5455.0"
"DimensionData","","17","153","12598","-1","-1","","","","Choose between economic, standard and high-performance disks<br />All prices are given for standard disks","5554.0"
"DimensionData","","21","153","12598","-1","-1","","","","Choose between economic, standard and high-performance disks<br />All prices are given for standard disks","5653.0"
"DimensionData","","25","153","12598","-1","-1","","","","Choose between economic, standard and high-performance disks<br />All prices are given for standard disks","5752.0"
"DimensionData","","29","153","12598","-1","-1","","","","Choose between economic, standard and high-performance disks<br />All prices are given for standard disks","5852.0"
"DimensionData","","32","153","12598","-1","-1","","","","Choose between economic, standard and high-performance disks<br />All prices are given for standard disks","5926.0"
"DimensionData","","1","191","12598","-1","-1","","","","Choose between economic, standard and high-performance disks<br />All prices are given for standard disks","5746.0"
"DimensionData","","5","191","12598","-1","-1","","","","Choose between economic, standard and high-performance disks<br />All prices are given for standard disks","5845.0"
"DimensionData","","9","191","12598","-1","-1","","","","Choose between economic, standard and high-performance disks<br />All prices are given for standard disks","5945.0"
"DimensionData","","13","191","12598","-1","-1","","","","Choose between economic, standard and high-performance disks<br />All prices are given for standard disks","6044.0"
"DimensionData","","17","191","12598","-1","-1","","","","Choose between economic, standard and high-performance disks<br />All prices are given for standard disks","6143.0"
"DimensionData","","21","191","12598","-1","-1","","","","Choose between economic, standard and high-performance disks<br />All prices are given for standard disks","6243.0"
"DimensionData","","25","191","12598","-1","-1","","","","Choose between economic, standard and high-performance disks<br />All prices are given for standard disks","6342.0"
"DimensionData","","29","191","12598","-1","-1","","","","Choose between economic, standard and high-performance disks<br />All prices are given for standard disks","6441.0"
"DimensionData","","32","191","12598","-1","-1","","","","Choose between economic, standard and high-performance disks<br />All prices are given for standard disks","6516.0"
"DimensionData","","1","229","12598","-1","-1","","","","Choose between economic, standard and high-performance disks<br />All prices are given for standard disks","6336.0"
"DimensionData","","5","229","12598","-1","-1","","","","Choose between economic, standard and high-performance disks<br />All prices are given for standard disks","6435.0"
"DimensionData","","9","229","12598","-1","-1","","","","Choose between economic, standard and high-performance disks<br />All prices are given for standard disks","6534.0"
"DimensionData","","13","229","12598","-1","-1","","","","Choose between economic, standard and high-performance disks<br />All prices are given for standard disks","6633.0"
"DimensionData","","17","229","12598","-1","-1","","","","Choose between economic, standard and high-performance disks<br />All prices are given for standard disks","6733.0"
"DimensionData","","21","229","12598","-1","-1","","","","Choose between economic, standard and high-performance disks<br />All prices are given for standard disks","6832.0"
"DimensionData","","25","229","12598","-1","-1","","","","Choose between economic, standard and high-performance disks<br />All prices are given for standard disks","6931.0"
"DimensionData","","29","229","12598","-1","-1","","","","Choose between economic, standard and high-performance disks<br />All prices are given for standard disks","7031.0"
"DimensionData","","32","229","12598","-1","-1","","","","Choose between economic, standard and high-performance disks<br />All prices are given for standard disks","7105.0"
"DimensionData","","1","256","12598","-1","-1","","","","Choose between economic, standard and high-performance disks<br />All prices are given for standard disks","6754.0"
"DimensionData","","5","256","12598","-1","-1","","","","Choose between economic, standard and high-performance disks<br />All prices are given for standard disks","6854.0"
"DimensionData","","9","256","12598","-1","-1","","","","Choose between economic, standard and high-performance disks<br />All prices are given for standard disks","6953.0"
"DimensionData","","13","256","12598","-1","-1","","","","Choose between economic, standard and high-performance disks<br />All prices are given for standard disks","7052.0"
"DimensionData","","17","256","12598","-1","-1","","","","Choose between economic, standard and high-performance disks<br />All prices are given for standard disks","7152.0"
"DimensionData","","21","256","12598","-1","-1","","","","Choose between economic, standard and high-performance disks<br />All prices are given for standard disks","7251.0"
"DimensionData","","25","256","12598","-1","-1","","","","Choose between economic, standard and high-performance disks<br />All prices are given for standard disks","7350.0"
"DimensionData","","29","256","12598","-1","-1","","","","Choose between economic, standard and high-performance disks<br />All prices are given for standard disks","7449.0"
"DimensionData","","32","256","12598","-1","-1","","","","Choose between economic, standard and high-performance disks<br />All prices are given for standard disks","7524.0"
"DimensionData","","1","1","14000","-1","-1","","","","Choose between economic, standard and high-performance disks<br />All prices are given for standard disks","3106.0"
"DimensionData","","5","1","14000","-1","-1","","","","Choose between economic, standard and high-performance disks<br />All prices are given for standard disks","3205.0"
"DimensionData","","9","1","14000","-1","-1","","","","Choose between economic, standard and high-performance disks<br />All prices are given for standard disks","3304.0"
"DimensionData","","13","1","14000","-1","-1","","","","Choose between economic, standard and high-performance disks<br />All prices are given for standard disks","3404.0"
"DimensionData","","17","1","14000","-1","-1","","","","Choose between economic, standard and high-performance disks<br />All prices are given for standard disks","3503.0"
"DimensionData","","21","1","14000","-1","-1","","","","Choose between economic, standard and high-performance disks<br />All prices are given for standard disks","3602.0"
"DimensionData","","25","1","14000","-1","-1","","","","Choose between economic, standard and high-performance disks<br />All prices are given for standard disks","3702.0"
"DimensionData","","29","1","14000","-1","-1","","","","Choose between economic, standard and high-performance disks<br />All prices are given for standard disks","3801.0"
"DimensionData","","32","1","14000","-1","-1","","","","Choose between economic, standard and high-performance disks<br />All prices are given for standard disks","3875.0"
"DimensionData","","1","39","14000","-1","-1","","","","Choose between economic, standard and high-performance disks<br />All prices are given for standard disks","3695.0"
"DimensionData","","5","39","14000","-1","-1","","","","Choose between economic, standard and high-performance disks<br />All prices are given for standard disks","3795.0"
"DimensionData","","9","39","14000","-1","-1","","","","Choose between economic, standard and high-performance disks<br />All prices are given for standard disks","3894.0"
"DimensionData","","13","39","14000","-1","-1","","","","Choose between economic, standard and high-performance disks<br />All prices are given for standard disks","3993.0"
"DimensionData","","17","39","14000","-1","-1","","","","Choose between economic, standard and high-performance disks<br />All prices are given for standard disks","4092.0"
"DimensionData","","21","39","14000","-1","-1","","","","Choose between economic, standard and high-performance disks<br />All prices are given for standard disks","4192.0"
"DimensionData","","25","39","14000","-1","-1","","","","Choose between economic, standard and high-performance disks<br />All prices are given for standard disks","4291.0"
"DimensionData","","29","39","14000","-1","-1","","","","Choose between economic, standard and high-performance disks<br />All prices are given for standard disks","4390.0"
"DimensionData","","32","39","14000","-1","-1","","","","Choose between economic, standard and high-performance disks<br />All prices are given for standard disks","4465.0"
"DimensionData","","1","77","14000","-1","-1","","","","Choose between economic, standard and high-performance disks<br />All prices are given for standard disks","4285.0"
"DimensionData","","5","77","14000","-1","-1","","","","Choose between economic, standard and high-performance disks<br />All prices are given for standard disks","4384.0"
"DimensionData","","9","77","14000","-1","-1","","","","Choose between economic, standard and high-performance disks<br />All prices are given for standard disks","4483.0"
"DimensionData","","13","77","14000","-1","-1","","","","Choose between economic, standard and high-performance disks<br />All prices are given for standard disks","4583.0"
"DimensionData","","17","77","14000","-1","-1","","","","Choose between economic, standard and high-performance disks<br />All prices are given for standard disks","4682.0"
"DimensionData","","21","77","14000","-1","-1","","","","Choose between economic, standard and high-performance disks<br />All prices are given for standard disks","4781.0"
"DimensionData","","25","77","14000","-1","-1","","","","Choose between economic, standard and high-performance disks<br />All prices are given for standard disks","4880.0"
"DimensionData","","29","77","14000","-1","-1","","","","Choose between economic, standard and high-performance disks<br />All prices are given for standard disks","4980.0"
"DimensionData","","32","77","14000","-1","-1","","","","Choose between economic, standard and high-performance disks<br />All prices are given for standard disks","5054.0"
"DimensionData","","1","115","14000","-1","-1","","","","Choose between economic, standard and high-performance disks<br />All prices are given for standard disks","4874.0"
"DimensionData","","5","115","14000","-1","-1","","","","Choose between economic, standard and high-performance disks<br />All prices are given for standard disks","4974.0"
"DimensionData","","9","115","14000","-1","-1","","","","Choose between economic, standard and high-performance disks<br />All prices are given for standard disks","5073.0"
"DimensionData","","13","115","14000","-1","-1","","","","Choose between economic, standard and high-performance disks<br />All prices are given for standard disks","5172.0"
"DimensionData","","17","115","14000","-1","-1","","","","Choose between economic, standard and high-performance disks<br />All prices are given for standard disks","5271.0"
"DimensionData","","21","115","14000","-1","-1","","","","Choose between economic, standard and high-performance disks<br />All prices are given for standard disks","5371.0"
"DimensionData","","25","115","14000","-1","-1","","","","Choose between economic, standard and high-performance disks<br />All prices are given for standard disks","5470.0"
"DimensionData","","29","115","14000","-1","-1","","","","Choose between economic, standard and high-performance disks<br />All prices are given for standard disks","5569.0"
"DimensionData","","32","115","14000","-1","-1","","","","Choose between economic, standard and high-performance disks<br />All prices are given for standard disks","5644.0"
"DimensionData","","1","153","14000","-1","-1","","","","Choose between economic, standard and high-performance disks<br />All prices are given for standard disks","5464.0"
"DimensionData","","5","153","14000","-1","-1","","","","Choose between economic, standard and high-performance disks<br />All prices are given for standard disks","5563.0"
"DimensionData","","9","153","14000","-1","-1","","","","Choose between economic, standard and high-performance disks<br />All prices are given for standard disks","5662.0"
"DimensionData","","13","153","14000","-1","-1","","","","Choose between economic, standard and high-performance disks<br />All prices are given for standard disks","5762.0"
"DimensionData","","17","153","14000","-1","-1","","","","Choose between economic, standard and high-performance disks<br />All prices are given for standard disks","5861.0"
"DimensionData","","21","153","14000","-1","-1","","","","Choose between economic, standard and high-performance disks<br />All prices are given for standard disks","5960.0"
"DimensionData","","25","153","14000","-1","-1","","","","Choose between economic, standard and high-performance disks<br />All prices are given for standard disks","6059.0"
"DimensionData","","29","153","14000","-1","-1","","","","Choose between economic, standard and high-performance disks<br />All prices are given for standard disks","6159.0"
"DimensionData","","32","153","14000","-1","-1","","","","Choose between economic, standard and high-performance disks<br />All prices are given for standard disks","6233.0"
"DimensionData","","1","191","14000","-1","-1","","","","Choose between economic, standard and high-performance disks<br />All prices are given for standard disks","6053.0"
"DimensionData","","5","191","14000","-1","-1","","","","Choose between economic, standard and high-performance disks<br />All prices are given for standard disks","6152.0"
"DimensionData","","9","191","14000","-1","-1","","","","Choose between economic, standard and high-performance disks<br />All prices are given for standard disks","6252.0"
"DimensionData","","13","191","14000","-1","-1","","","","Choose between economic, standard and high-performance disks<br />All prices are given for standard disks","6351.0"
"DimensionData","","17","191","14000","-1","-1","","","","Choose between economic, standard and high-performance disks<br />All prices are given for standard disks","6450.0"
"DimensionData","","21","191","14000","-1","-1","","","","Choose between economic, standard and high-performance disks<br />All prices are given for standard disks","6550.0"
"DimensionData","","25","191","14000","-1","-1","","","","Choose between economic, standard and high-performance disks<br />All prices are given for standard disks","6649.0"
"DimensionData","","29","191","14000","-1","-1","","","","Choose between economic, standard and high-performance disks<br />All prices are given for standard disks","6748.0"
"DimensionData","","32","191","14000","-1","-1","","","","Choose between economic, standard and high-performance disks<br />All prices are given for standard disks","6823.0"
"DimensionData","","1","229","14000","-1","-1","","","","Choose between economic, standard and high-performance disks<br />All prices are given for standard disks","6643.0"
"DimensionData","","5","229","14000","-1","-1","","","","Choose between economic, standard and high-performance disks<br />All prices are given for standard disks","6742.0"
"DimensionData","","9","229","14000","-1","-1","","","","Choose between economic, standard and high-performance disks<br />All prices are given for standard disks","6841.0"
"DimensionData","","13","229","14000","-1","-1","","","","Choose between economic, standard and high-performance disks<br />All prices are given for standard disks","6941.0"
"DimensionData","","17","229","14000","-1","-1","","","","Choose between economic, standard and high-performance disks<br />All prices are given for standard disks","7040.0"
"DimensionData","","21","229","14000","-1","-1","","","","Choose between economic, standard and high-performance disks<br />All prices are given for standard disks","7139.0"
"DimensionData","","25","229","14000","-1","-1","","","","Choose between economic, standard and high-performance disks<br />All prices are given for standard disks","7238.0"
"DimensionData","","29","229","14000","-1","-1","","","","Choose between economic, standard and high-performance disks<br />All prices are given for standard disks","7338.0"
"DimensionData","","32","229","14000","-1","-1","","","","Choose between economic, standard and high-performance disks<br />All prices are given for standard disks","7412.0"
"DimensionData","","1","256","14000","-1","-1","","","","Choose between economic, standard and high-performance disks<br />All prices are given for standard disks","7062.0"
"DimensionData","","5","256","14000","-1","-1","","","","Choose between economic, standard and high-performance disks<br />All prices are given for standard disks","7161.0"
"DimensionData","","9","256","14000","-1","-1","","","","Choose between economic, standard and high-performance disks<br />All prices are given for standard disks","7260.0"
"DimensionData","","13","256","14000","-1","-1","","","","Choose between economic, standard and high-performance disks<br />All prices are given for standard disks","7359.0"
"DimensionData","","17","256","14000","-1","-1","","","","Choose between economic, standard and high-performance disks<br />All prices are given for standard disks","7459.0"
"DimensionData","","21","256","14000","-1","-1","","","","Choose between economic, standard and high-performance disks<br />All prices are given for standard disks","7558.0"
"DimensionData","","25","256","14000","-1","-1","","","","Choose between economic, standard and high-performance disks<br />All prices are given for standard disks","7657.0"
"DimensionData","","29","256","14000","-1","-1","","","","Choose between economic, standard and high-performance disks<br />All prices are given for standard disks","7756.0"
"DimensionData","","32","256","14000","-1","-1","","","","Choose between economic, standard and high-performance disks<br />All prices are given for standard disks","7831.0"
