"ElasticHosts","","1","1","-1","1","-1","http://dbpedia.org/page/Linux","","","","31.060000000000002"
"ElasticHosts","","1","1","-1","1","-1","http://dbpedia.org/page/Microsoft_Windows","","","","46.06"
"ElasticHosts","","1","2","-1","1","-1","http://dbpedia.org/page/Linux","","","","49.06"
"ElasticHosts","","1","2","-1","1","-1","http://dbpedia.org/page/Microsoft_Windows","","","","64.06"
"ElasticHosts","","1","3","-1","1","-1","http://dbpedia.org/page/Linux","","","","67.05999999999999"
"ElasticHosts","","1","3","-1","1","-1","http://dbpedia.org/page/Microsoft_Windows","","","","82.05999999999999"
"ElasticHosts","","1","4","-1","1","-1","http://dbpedia.org/page/Linux","","","","85.05999999999999"
"ElasticHosts","","1","4","-1","1","-1","http://dbpedia.org/page/Microsoft_Windows","","","","100.05999999999999"
"ElasticHosts","","1","5","-1","1","-1","http://dbpedia.org/page/Linux","","","","103.05999999999999"
"ElasticHosts","","1","5","-1","1","-1","http://dbpedia.org/page/Microsoft_Windows","","","","118.05999999999999"
"ElasticHosts","","1","6","-1","1","-1","http://dbpedia.org/page/Linux","","","","121.05999999999999"
"ElasticHosts","","1","6","-1","1","-1","http://dbpedia.org/page/Microsoft_Windows","","","","136.06"
"ElasticHosts","","1","7","-1","1","-1","http://dbpedia.org/page/Linux","","","","139.06"
"ElasticHosts","","1","7","-1","1","-1","http://dbpedia.org/page/Microsoft_Windows","","","","154.06"
"ElasticHosts","","5","1","-1","1","-1","http://dbpedia.org/page/Linux","","","","82.89999999999999"
"ElasticHosts","","5","1","-1","1","-1","http://dbpedia.org/page/Microsoft_Windows","","","","97.89999999999999"
"ElasticHosts","","5","2","-1","1","-1","http://dbpedia.org/page/Linux","","","","100.89999999999999"
"ElasticHosts","","5","2","-1","1","-1","http://dbpedia.org/page/Microsoft_Windows","","","","115.89999999999999"
"ElasticHosts","","5","3","-1","1","-1","http://dbpedia.org/page/Linux","","","","118.89999999999999"
"ElasticHosts","","5","3","-1","1","-1","http://dbpedia.org/page/Microsoft_Windows","","","","133.89999999999998"
"ElasticHosts","","5","4","-1","1","-1","http://dbpedia.org/page/Linux","","","","136.9"
"ElasticHosts","","5","4","-1","1","-1","http://dbpedia.org/page/Microsoft_Windows","","","","151.9"
"ElasticHosts","","5","5","-1","1","-1","http://dbpedia.org/page/Linux","","","","154.9"
"ElasticHosts","","5","5","-1","1","-1","http://dbpedia.org/page/Microsoft_Windows","","","","169.9"
"ElasticHosts","","5","6","-1","1","-1","http://dbpedia.org/page/Linux","","","","172.9"
"ElasticHosts","","5","6","-1","1","-1","http://dbpedia.org/page/Microsoft_Windows","","","","187.9"
"ElasticHosts","","5","7","-1","1","-1","http://dbpedia.org/page/Linux","","","","190.9"
"ElasticHosts","","5","7","-1","1","-1","http://dbpedia.org/page/Microsoft_Windows","","","","205.9"
"ElasticHosts","","9","1","-1","1","-1","http://dbpedia.org/page/Linux","","","","134.73999999999998"
"ElasticHosts","","9","1","-1","1","-1","http://dbpedia.org/page/Microsoft_Windows","","","","149.73999999999998"
"ElasticHosts","","9","2","-1","1","-1","http://dbpedia.org/page/Linux","","","","152.73999999999998"
"ElasticHosts","","9","2","-1","1","-1","http://dbpedia.org/page/Microsoft_Windows","","","","167.73999999999998"
"ElasticHosts","","9","3","-1","1","-1","http://dbpedia.org/page/Linux","","","","170.73999999999998"
"ElasticHosts","","9","3","-1","1","-1","http://dbpedia.org/page/Microsoft_Windows","","","","185.73999999999998"
"ElasticHosts","","9","4","-1","1","-1","http://dbpedia.org/page/Linux","","","","188.73999999999998"
"ElasticHosts","","9","4","-1","1","-1","http://dbpedia.org/page/Microsoft_Windows","","","","203.73999999999998"
"ElasticHosts","","9","5","-1","1","-1","http://dbpedia.org/page/Linux","","","","206.73999999999998"
"ElasticHosts","","9","5","-1","1","-1","http://dbpedia.org/page/Microsoft_Windows","","","","221.73999999999998"
"ElasticHosts","","9","6","-1","1","-1","http://dbpedia.org/page/Linux","","","","224.73999999999998"
"ElasticHosts","","9","6","-1","1","-1","http://dbpedia.org/page/Microsoft_Windows","","","","239.73999999999998"
"ElasticHosts","","9","7","-1","1","-1","http://dbpedia.org/page/Linux","","","","242.73999999999998"
"ElasticHosts","","9","7","-1","1","-1","http://dbpedia.org/page/Microsoft_Windows","","","","257.74"
"ElasticHosts","","13","1","-1","1","-1","http://dbpedia.org/page/Linux","","","","186.57999999999998"
"ElasticHosts","","13","1","-1","1","-1","http://dbpedia.org/page/Microsoft_Windows","","","","201.57999999999998"
"ElasticHosts","","13","2","-1","1","-1","http://dbpedia.org/page/Linux","","","","204.57999999999998"
"ElasticHosts","","13","2","-1","1","-1","http://dbpedia.org/page/Microsoft_Windows","","","","219.57999999999998"
"ElasticHosts","","13","3","-1","1","-1","http://dbpedia.org/page/Linux","","","","222.57999999999998"
"ElasticHosts","","13","3","-1","1","-1","http://dbpedia.org/page/Microsoft_Windows","","","","237.57999999999998"
"ElasticHosts","","13","4","-1","1","-1","http://dbpedia.org/page/Linux","","","","240.57999999999998"
"ElasticHosts","","13","4","-1","1","-1","http://dbpedia.org/page/Microsoft_Windows","","","","255.57999999999998"
"ElasticHosts","","13","5","-1","1","-1","http://dbpedia.org/page/Linux","","","","258.58000000000004"
"ElasticHosts","","13","5","-1","1","-1","http://dbpedia.org/page/Microsoft_Windows","","","","273.58000000000004"
"ElasticHosts","","13","6","-1","1","-1","http://dbpedia.org/page/Linux","","","","276.58000000000004"
"ElasticHosts","","13","6","-1","1","-1","http://dbpedia.org/page/Microsoft_Windows","","","","291.58000000000004"
"ElasticHosts","","13","7","-1","1","-1","http://dbpedia.org/page/Linux","","","","294.58000000000004"
"ElasticHosts","","13","7","-1","1","-1","http://dbpedia.org/page/Microsoft_Windows","","","","309.58000000000004"
"ElasticHosts","","17","1","-1","1","-1","http://dbpedia.org/page/Linux","","","","238.42"
"ElasticHosts","","17","1","-1","1","-1","http://dbpedia.org/page/Microsoft_Windows","","","","253.42"
"ElasticHosts","","17","2","-1","1","-1","http://dbpedia.org/page/Linux","","","","256.42"
"ElasticHosts","","17","2","-1","1","-1","http://dbpedia.org/page/Microsoft_Windows","","","","271.42"
"ElasticHosts","","17","3","-1","1","-1","http://dbpedia.org/page/Linux","","","","274.42"
"ElasticHosts","","17","3","-1","1","-1","http://dbpedia.org/page/Microsoft_Windows","","","","289.42"
"ElasticHosts","","17","4","-1","1","-1","http://dbpedia.org/page/Linux","","","","292.42"
"ElasticHosts","","17","4","-1","1","-1","http://dbpedia.org/page/Microsoft_Windows","","","","307.42"
"ElasticHosts","","17","5","-1","1","-1","http://dbpedia.org/page/Linux","","","","310.42"
"ElasticHosts","","17","5","-1","1","-1","http://dbpedia.org/page/Microsoft_Windows","","","","325.42"
"ElasticHosts","","17","6","-1","1","-1","http://dbpedia.org/page/Linux","","","","328.42"
"ElasticHosts","","17","6","-1","1","-1","http://dbpedia.org/page/Microsoft_Windows","","","","343.42"
"ElasticHosts","","17","7","-1","1","-1","http://dbpedia.org/page/Linux","","","","346.42"
"ElasticHosts","","17","7","-1","1","-1","http://dbpedia.org/page/Microsoft_Windows","","","","361.42"
"ElasticHosts","","1","1","-1","373","-1","http://dbpedia.org/page/Linux","","","","68.25999999999999"
"ElasticHosts","","1","1","-1","373","-1","http://dbpedia.org/page/Microsoft_Windows","","","","83.25999999999999"
"ElasticHosts","","1","2","-1","373","-1","http://dbpedia.org/page/Linux","","","","86.25999999999999"
"ElasticHosts","","1","2","-1","373","-1","http://dbpedia.org/page/Microsoft_Windows","","","","101.25999999999999"
"ElasticHosts","","1","3","-1","373","-1","http://dbpedia.org/page/Linux","","","","104.25999999999999"
"ElasticHosts","","1","3","-1","373","-1","http://dbpedia.org/page/Microsoft_Windows","","","","119.25999999999999"
"ElasticHosts","","1","4","-1","373","-1","http://dbpedia.org/page/Linux","","","","122.25999999999999"
"ElasticHosts","","1","4","-1","373","-1","http://dbpedia.org/page/Microsoft_Windows","","","","137.26"
"ElasticHosts","","1","5","-1","373","-1","http://dbpedia.org/page/Linux","","","","140.26"
"ElasticHosts","","1","5","-1","373","-1","http://dbpedia.org/page/Microsoft_Windows","","","","155.26"
"ElasticHosts","","1","6","-1","373","-1","http://dbpedia.org/page/Linux","","","","158.26"
"ElasticHosts","","1","6","-1","373","-1","http://dbpedia.org/page/Microsoft_Windows","","","","173.26"
"ElasticHosts","","1","7","-1","373","-1","http://dbpedia.org/page/Linux","","","","176.26"
"ElasticHosts","","1","7","-1","373","-1","http://dbpedia.org/page/Microsoft_Windows","","","","191.26"
"ElasticHosts","","5","1","-1","373","-1","http://dbpedia.org/page/Linux","","","","120.1"
"ElasticHosts","","5","1","-1","373","-1","http://dbpedia.org/page/Microsoft_Windows","","","","135.1"
"ElasticHosts","","5","2","-1","373","-1","http://dbpedia.org/page/Linux","","","","138.1"
"ElasticHosts","","5","2","-1","373","-1","http://dbpedia.org/page/Microsoft_Windows","","","","153.1"
"ElasticHosts","","5","3","-1","373","-1","http://dbpedia.org/page/Linux","","","","156.1"
"ElasticHosts","","5","3","-1","373","-1","http://dbpedia.org/page/Microsoft_Windows","","","","171.1"
"ElasticHosts","","5","4","-1","373","-1","http://dbpedia.org/page/Linux","","","","174.10000000000002"
"ElasticHosts","","5","4","-1","373","-1","http://dbpedia.org/page/Microsoft_Windows","","","","189.10000000000002"
"ElasticHosts","","5","5","-1","373","-1","http://dbpedia.org/page/Linux","","","","192.10000000000002"
"ElasticHosts","","5","5","-1","373","-1","http://dbpedia.org/page/Microsoft_Windows","","","","207.10000000000002"
"ElasticHosts","","5","6","-1","373","-1","http://dbpedia.org/page/Linux","","","","210.10000000000002"
"ElasticHosts","","5","6","-1","373","-1","http://dbpedia.org/page/Microsoft_Windows","","","","225.10000000000002"
"ElasticHosts","","5","7","-1","373","-1","http://dbpedia.org/page/Linux","","","","228.10000000000002"
"ElasticHosts","","5","7","-1","373","-1","http://dbpedia.org/page/Microsoft_Windows","","","","243.10000000000002"
"ElasticHosts","","9","1","-1","373","-1","http://dbpedia.org/page/Linux","","","","171.94"
"ElasticHosts","","9","1","-1","373","-1","http://dbpedia.org/page/Microsoft_Windows","","","","186.94"
"ElasticHosts","","9","2","-1","373","-1","http://dbpedia.org/page/Linux","","","","189.94"
"ElasticHosts","","9","2","-1","373","-1","http://dbpedia.org/page/Microsoft_Windows","","","","204.94"
"ElasticHosts","","9","3","-1","373","-1","http://dbpedia.org/page/Linux","","","","207.94"
"ElasticHosts","","9","3","-1","373","-1","http://dbpedia.org/page/Microsoft_Windows","","","","222.94"
"ElasticHosts","","9","4","-1","373","-1","http://dbpedia.org/page/Linux","","","","225.94"
"ElasticHosts","","9","4","-1","373","-1","http://dbpedia.org/page/Microsoft_Windows","","","","240.94"
"ElasticHosts","","9","5","-1","373","-1","http://dbpedia.org/page/Linux","","","","243.94"
"ElasticHosts","","9","5","-1","373","-1","http://dbpedia.org/page/Microsoft_Windows","","","","258.94"
"ElasticHosts","","9","6","-1","373","-1","http://dbpedia.org/page/Linux","","","","261.94"
"ElasticHosts","","9","6","-1","373","-1","http://dbpedia.org/page/Microsoft_Windows","","","","276.94"
"ElasticHosts","","9","7","-1","373","-1","http://dbpedia.org/page/Linux","","","","279.94"
"ElasticHosts","","9","7","-1","373","-1","http://dbpedia.org/page/Microsoft_Windows","","","","294.94"
"ElasticHosts","","13","1","-1","373","-1","http://dbpedia.org/page/Linux","","","","223.77999999999997"
"ElasticHosts","","13","1","-1","373","-1","http://dbpedia.org/page/Microsoft_Windows","","","","238.77999999999997"
"ElasticHosts","","13","2","-1","373","-1","http://dbpedia.org/page/Linux","","","","241.77999999999997"
"ElasticHosts","","13","2","-1","373","-1","http://dbpedia.org/page/Microsoft_Windows","","","","256.78"
"ElasticHosts","","13","3","-1","373","-1","http://dbpedia.org/page/Linux","","","","259.78"
"ElasticHosts","","13","3","-1","373","-1","http://dbpedia.org/page/Microsoft_Windows","","","","274.78"
"ElasticHosts","","13","4","-1","373","-1","http://dbpedia.org/page/Linux","","","","277.78"
"ElasticHosts","","13","4","-1","373","-1","http://dbpedia.org/page/Microsoft_Windows","","","","292.78"
"ElasticHosts","","13","5","-1","373","-1","http://dbpedia.org/page/Linux","","","","295.78000000000003"
"ElasticHosts","","13","5","-1","373","-1","http://dbpedia.org/page/Microsoft_Windows","","","","310.78000000000003"
"ElasticHosts","","13","6","-1","373","-1","http://dbpedia.org/page/Linux","","","","313.78000000000003"
"ElasticHosts","","13","6","-1","373","-1","http://dbpedia.org/page/Microsoft_Windows","","","","328.78000000000003"
"ElasticHosts","","13","7","-1","373","-1","http://dbpedia.org/page/Linux","","","","331.78000000000003"
"ElasticHosts","","13","7","-1","373","-1","http://dbpedia.org/page/Microsoft_Windows","","","","346.78000000000003"
"ElasticHosts","","17","1","-1","373","-1","http://dbpedia.org/page/Linux","","","","275.62"
"ElasticHosts","","17","1","-1","373","-1","http://dbpedia.org/page/Microsoft_Windows","","","","290.62"
"ElasticHosts","","17","2","-1","373","-1","http://dbpedia.org/page/Linux","","","","293.62"
"ElasticHosts","","17","2","-1","373","-1","http://dbpedia.org/page/Microsoft_Windows","","","","308.62"
"ElasticHosts","","17","3","-1","373","-1","http://dbpedia.org/page/Linux","","","","311.62"
"ElasticHosts","","17","3","-1","373","-1","http://dbpedia.org/page/Microsoft_Windows","","","","326.62"
"ElasticHosts","","17","4","-1","373","-1","http://dbpedia.org/page/Linux","","","","329.62"
"ElasticHosts","","17","4","-1","373","-1","http://dbpedia.org/page/Microsoft_Windows","","","","344.62"
"ElasticHosts","","17","5","-1","373","-1","http://dbpedia.org/page/Linux","","","","347.62"
"ElasticHosts","","17","5","-1","373","-1","http://dbpedia.org/page/Microsoft_Windows","","","","362.62"
"ElasticHosts","","17","6","-1","373","-1","http://dbpedia.org/page/Linux","","","","365.62"
"ElasticHosts","","17","6","-1","373","-1","http://dbpedia.org/page/Microsoft_Windows","","","","380.62"
"ElasticHosts","","17","7","-1","373","-1","http://dbpedia.org/page/Linux","","","","383.62"
"ElasticHosts","","17","7","-1","373","-1","http://dbpedia.org/page/Microsoft_Windows","","","","398.62"
"ElasticHosts","","1","1","-1","745","-1","http://dbpedia.org/page/Linux","","","","105.46000000000001"
"ElasticHosts","","1","1","-1","745","-1","http://dbpedia.org/page/Microsoft_Windows","","","","120.46000000000001"
"ElasticHosts","","1","2","-1","745","-1","http://dbpedia.org/page/Linux","","","","123.46000000000001"
"ElasticHosts","","1","2","-1","745","-1","http://dbpedia.org/page/Microsoft_Windows","","","","138.46"
"ElasticHosts","","1","3","-1","745","-1","http://dbpedia.org/page/Linux","","","","141.45999999999998"
"ElasticHosts","","1","3","-1","745","-1","http://dbpedia.org/page/Microsoft_Windows","","","","156.45999999999998"
"ElasticHosts","","1","4","-1","745","-1","http://dbpedia.org/page/Linux","","","","159.45999999999998"
"ElasticHosts","","1","4","-1","745","-1","http://dbpedia.org/page/Microsoft_Windows","","","","174.45999999999998"
"ElasticHosts","","1","5","-1","745","-1","http://dbpedia.org/page/Linux","","","","177.45999999999998"
"ElasticHosts","","1","5","-1","745","-1","http://dbpedia.org/page/Microsoft_Windows","","","","192.45999999999998"
"ElasticHosts","","1","6","-1","745","-1","http://dbpedia.org/page/Linux","","","","195.45999999999998"
"ElasticHosts","","1","6","-1","745","-1","http://dbpedia.org/page/Microsoft_Windows","","","","210.45999999999998"
"ElasticHosts","","1","7","-1","745","-1","http://dbpedia.org/page/Linux","","","","213.46"
"ElasticHosts","","1","7","-1","745","-1","http://dbpedia.org/page/Microsoft_Windows","","","","228.46"
"ElasticHosts","","5","1","-1","745","-1","http://dbpedia.org/page/Linux","","","","157.3"
"ElasticHosts","","5","1","-1","745","-1","http://dbpedia.org/page/Microsoft_Windows","","","","172.3"
"ElasticHosts","","5","2","-1","745","-1","http://dbpedia.org/page/Linux","","","","175.3"
"ElasticHosts","","5","2","-1","745","-1","http://dbpedia.org/page/Microsoft_Windows","","","","190.3"
"ElasticHosts","","5","3","-1","745","-1","http://dbpedia.org/page/Linux","","","","193.3"
"ElasticHosts","","5","3","-1","745","-1","http://dbpedia.org/page/Microsoft_Windows","","","","208.3"
"ElasticHosts","","5","4","-1","745","-1","http://dbpedia.org/page/Linux","","","","211.3"
"ElasticHosts","","5","4","-1","745","-1","http://dbpedia.org/page/Microsoft_Windows","","","","226.3"
"ElasticHosts","","5","5","-1","745","-1","http://dbpedia.org/page/Linux","","","","229.3"
"ElasticHosts","","5","5","-1","745","-1","http://dbpedia.org/page/Microsoft_Windows","","","","244.3"
"ElasticHosts","","5","6","-1","745","-1","http://dbpedia.org/page/Linux","","","","247.3"
"ElasticHosts","","5","6","-1","745","-1","http://dbpedia.org/page/Microsoft_Windows","","","","262.3"
"ElasticHosts","","5","7","-1","745","-1","http://dbpedia.org/page/Linux","","","","265.3"
"ElasticHosts","","5","7","-1","745","-1","http://dbpedia.org/page/Microsoft_Windows","","","","280.3"
"ElasticHosts","","9","1","-1","745","-1","http://dbpedia.org/page/Linux","","","","209.14"
"ElasticHosts","","9","1","-1","745","-1","http://dbpedia.org/page/Microsoft_Windows","","","","224.14"
"ElasticHosts","","9","2","-1","745","-1","http://dbpedia.org/page/Linux","","","","227.14"
"ElasticHosts","","9","2","-1","745","-1","http://dbpedia.org/page/Microsoft_Windows","","","","242.14"
"ElasticHosts","","9","3","-1","745","-1","http://dbpedia.org/page/Linux","","","","245.14"
"ElasticHosts","","9","3","-1","745","-1","http://dbpedia.org/page/Microsoft_Windows","","","","260.14"
"ElasticHosts","","9","4","-1","745","-1","http://dbpedia.org/page/Linux","","","","263.14"
"ElasticHosts","","9","4","-1","745","-1","http://dbpedia.org/page/Microsoft_Windows","","","","278.14"
"ElasticHosts","","9","5","-1","745","-1","http://dbpedia.org/page/Linux","","","","281.14"
"ElasticHosts","","9","5","-1","745","-1","http://dbpedia.org/page/Microsoft_Windows","","","","296.14"
"ElasticHosts","","9","6","-1","745","-1","http://dbpedia.org/page/Linux","","","","299.14"
"ElasticHosts","","9","6","-1","745","-1","http://dbpedia.org/page/Microsoft_Windows","","","","314.14"
"ElasticHosts","","9","7","-1","745","-1","http://dbpedia.org/page/Linux","","","","317.14"
"ElasticHosts","","9","7","-1","745","-1","http://dbpedia.org/page/Microsoft_Windows","","","","332.14"
"ElasticHosts","","13","1","-1","745","-1","http://dbpedia.org/page/Linux","","","","260.98"
"ElasticHosts","","13","1","-1","745","-1","http://dbpedia.org/page/Microsoft_Windows","","","","275.98"
"ElasticHosts","","13","2","-1","745","-1","http://dbpedia.org/page/Linux","","","","278.98"
"ElasticHosts","","13","2","-1","745","-1","http://dbpedia.org/page/Microsoft_Windows","","","","293.98"
"ElasticHosts","","13","3","-1","745","-1","http://dbpedia.org/page/Linux","","","","296.98"
"ElasticHosts","","13","3","-1","745","-1","http://dbpedia.org/page/Microsoft_Windows","","","","311.98"
"ElasticHosts","","13","4","-1","745","-1","http://dbpedia.org/page/Linux","","","","314.98"
"ElasticHosts","","13","4","-1","745","-1","http://dbpedia.org/page/Microsoft_Windows","","","","329.98"
"ElasticHosts","","13","5","-1","745","-1","http://dbpedia.org/page/Linux","","","","332.98"
"ElasticHosts","","13","5","-1","745","-1","http://dbpedia.org/page/Microsoft_Windows","","","","347.98"
"ElasticHosts","","13","6","-1","745","-1","http://dbpedia.org/page/Linux","","","","350.98"
"ElasticHosts","","13","6","-1","745","-1","http://dbpedia.org/page/Microsoft_Windows","","","","365.98"
"ElasticHosts","","13","7","-1","745","-1","http://dbpedia.org/page/Linux","","","","368.98"
"ElasticHosts","","13","7","-1","745","-1","http://dbpedia.org/page/Microsoft_Windows","","","","383.98"
"ElasticHosts","","17","1","-1","745","-1","http://dbpedia.org/page/Linux","","","","312.82"
"ElasticHosts","","17","1","-1","745","-1","http://dbpedia.org/page/Microsoft_Windows","","","","327.82"
"ElasticHosts","","17","2","-1","745","-1","http://dbpedia.org/page/Linux","","","","330.82"
"ElasticHosts","","17","2","-1","745","-1","http://dbpedia.org/page/Microsoft_Windows","","","","345.82"
"ElasticHosts","","17","3","-1","745","-1","http://dbpedia.org/page/Linux","","","","348.82"
"ElasticHosts","","17","3","-1","745","-1","http://dbpedia.org/page/Microsoft_Windows","","","","363.82"
"ElasticHosts","","17","4","-1","745","-1","http://dbpedia.org/page/Linux","","","","366.82"
"ElasticHosts","","17","4","-1","745","-1","http://dbpedia.org/page/Microsoft_Windows","","","","381.82"
"ElasticHosts","","17","5","-1","745","-1","http://dbpedia.org/page/Linux","","","","384.82"
"ElasticHosts","","17","5","-1","745","-1","http://dbpedia.org/page/Microsoft_Windows","","","","399.82"
"ElasticHosts","","17","6","-1","745","-1","http://dbpedia.org/page/Linux","","","","402.82"
"ElasticHosts","","17","6","-1","745","-1","http://dbpedia.org/page/Microsoft_Windows","","","","417.82"
"ElasticHosts","","17","7","-1","745","-1","http://dbpedia.org/page/Linux","","","","420.82"
"ElasticHosts","","17","7","-1","745","-1","http://dbpedia.org/page/Microsoft_Windows","","","","435.82"
"ElasticHosts","","1","1","-1","1117","-1","http://dbpedia.org/page/Linux","","","","142.66"
"ElasticHosts","","1","1","-1","1117","-1","http://dbpedia.org/page/Microsoft_Windows","","","","157.66"
"ElasticHosts","","1","2","-1","1117","-1","http://dbpedia.org/page/Linux","","","","160.66"
"ElasticHosts","","1","2","-1","1117","-1","http://dbpedia.org/page/Microsoft_Windows","","","","175.66"
"ElasticHosts","","1","3","-1","1117","-1","http://dbpedia.org/page/Linux","","","","178.65999999999997"
"ElasticHosts","","1","3","-1","1117","-1","http://dbpedia.org/page/Microsoft_Windows","","","","193.65999999999997"
"ElasticHosts","","1","4","-1","1117","-1","http://dbpedia.org/page/Linux","","","","196.65999999999997"
"ElasticHosts","","1","4","-1","1117","-1","http://dbpedia.org/page/Microsoft_Windows","","","","211.65999999999997"
"ElasticHosts","","1","5","-1","1117","-1","http://dbpedia.org/page/Linux","","","","214.65999999999997"
"ElasticHosts","","1","5","-1","1117","-1","http://dbpedia.org/page/Microsoft_Windows","","","","229.65999999999997"
"ElasticHosts","","1","6","-1","1117","-1","http://dbpedia.org/page/Linux","","","","232.65999999999997"
"ElasticHosts","","1","6","-1","1117","-1","http://dbpedia.org/page/Microsoft_Windows","","","","247.65999999999997"
"ElasticHosts","","1","7","-1","1117","-1","http://dbpedia.org/page/Linux","","","","250.66"
"ElasticHosts","","1","7","-1","1117","-1","http://dbpedia.org/page/Microsoft_Windows","","","","265.65999999999997"
"ElasticHosts","","5","1","-1","1117","-1","http://dbpedia.org/page/Linux","","","","194.5"
"ElasticHosts","","5","1","-1","1117","-1","http://dbpedia.org/page/Microsoft_Windows","","","","209.5"
"ElasticHosts","","5","2","-1","1117","-1","http://dbpedia.org/page/Linux","","","","212.5"
"ElasticHosts","","5","2","-1","1117","-1","http://dbpedia.org/page/Microsoft_Windows","","","","227.5"
"ElasticHosts","","5","3","-1","1117","-1","http://dbpedia.org/page/Linux","","","","230.5"
"ElasticHosts","","5","3","-1","1117","-1","http://dbpedia.org/page/Microsoft_Windows","","","","245.5"
"ElasticHosts","","5","4","-1","1117","-1","http://dbpedia.org/page/Linux","","","","248.5"
"ElasticHosts","","5","4","-1","1117","-1","http://dbpedia.org/page/Microsoft_Windows","","","","263.5"
"ElasticHosts","","5","5","-1","1117","-1","http://dbpedia.org/page/Linux","","","","266.5"
"ElasticHosts","","5","5","-1","1117","-1","http://dbpedia.org/page/Microsoft_Windows","","","","281.5"
"ElasticHosts","","5","6","-1","1117","-1","http://dbpedia.org/page/Linux","","","","284.5"
"ElasticHosts","","5","6","-1","1117","-1","http://dbpedia.org/page/Microsoft_Windows","","","","299.5"
"ElasticHosts","","5","7","-1","1117","-1","http://dbpedia.org/page/Linux","","","","302.5"
"ElasticHosts","","5","7","-1","1117","-1","http://dbpedia.org/page/Microsoft_Windows","","","","317.5"
"ElasticHosts","","9","1","-1","1117","-1","http://dbpedia.org/page/Linux","","","","246.33999999999997"
"ElasticHosts","","9","1","-1","1117","-1","http://dbpedia.org/page/Microsoft_Windows","","","","261.34"
"ElasticHosts","","9","2","-1","1117","-1","http://dbpedia.org/page/Linux","","","","264.34"
"ElasticHosts","","9","2","-1","1117","-1","http://dbpedia.org/page/Microsoft_Windows","","","","279.34"
"ElasticHosts","","9","3","-1","1117","-1","http://dbpedia.org/page/Linux","","","","282.34"
"ElasticHosts","","9","3","-1","1117","-1","http://dbpedia.org/page/Microsoft_Windows","","","","297.34"
"ElasticHosts","","9","4","-1","1117","-1","http://dbpedia.org/page/Linux","","","","300.34"
"ElasticHosts","","9","4","-1","1117","-1","http://dbpedia.org/page/Microsoft_Windows","","","","315.34"
"ElasticHosts","","9","5","-1","1117","-1","http://dbpedia.org/page/Linux","","","","318.34"
"ElasticHosts","","9","5","-1","1117","-1","http://dbpedia.org/page/Microsoft_Windows","","","","333.34"
"ElasticHosts","","9","6","-1","1117","-1","http://dbpedia.org/page/Linux","","","","336.34"
"ElasticHosts","","9","6","-1","1117","-1","http://dbpedia.org/page/Microsoft_Windows","","","","351.34"
"ElasticHosts","","9","7","-1","1117","-1","http://dbpedia.org/page/Linux","","","","354.34"
"ElasticHosts","","9","7","-1","1117","-1","http://dbpedia.org/page/Microsoft_Windows","","","","369.34"
"ElasticHosts","","13","1","-1","1117","-1","http://dbpedia.org/page/Linux","","","","298.17999999999995"
"ElasticHosts","","13","1","-1","1117","-1","http://dbpedia.org/page/Microsoft_Windows","","","","313.17999999999995"
"ElasticHosts","","13","2","-1","1117","-1","http://dbpedia.org/page/Linux","","","","316.17999999999995"
"ElasticHosts","","13","2","-1","1117","-1","http://dbpedia.org/page/Microsoft_Windows","","","","331.17999999999995"
"ElasticHosts","","13","3","-1","1117","-1","http://dbpedia.org/page/Linux","","","","334.17999999999995"
"ElasticHosts","","13","3","-1","1117","-1","http://dbpedia.org/page/Microsoft_Windows","","","","349.17999999999995"
"ElasticHosts","","13","4","-1","1117","-1","http://dbpedia.org/page/Linux","","","","352.17999999999995"
"ElasticHosts","","13","4","-1","1117","-1","http://dbpedia.org/page/Microsoft_Windows","","","","367.17999999999995"
"ElasticHosts","","13","5","-1","1117","-1","http://dbpedia.org/page/Linux","","","","370.18"
"ElasticHosts","","13","5","-1","1117","-1","http://dbpedia.org/page/Microsoft_Windows","","","","385.18"
"ElasticHosts","","13","6","-1","1117","-1","http://dbpedia.org/page/Linux","","","","388.18"
"ElasticHosts","","13","6","-1","1117","-1","http://dbpedia.org/page/Microsoft_Windows","","","","403.18"
"ElasticHosts","","13","7","-1","1117","-1","http://dbpedia.org/page/Linux","","","","406.18"
"ElasticHosts","","13","7","-1","1117","-1","http://dbpedia.org/page/Microsoft_Windows","","","","421.18"
"ElasticHosts","","17","1","-1","1117","-1","http://dbpedia.org/page/Linux","","","","350.02"
"ElasticHosts","","17","1","-1","1117","-1","http://dbpedia.org/page/Microsoft_Windows","","","","365.02"
"ElasticHosts","","17","2","-1","1117","-1","http://dbpedia.org/page/Linux","","","","368.02"
"ElasticHosts","","17","2","-1","1117","-1","http://dbpedia.org/page/Microsoft_Windows","","","","383.02"
"ElasticHosts","","17","3","-1","1117","-1","http://dbpedia.org/page/Linux","","","","386.02"
"ElasticHosts","","17","3","-1","1117","-1","http://dbpedia.org/page/Microsoft_Windows","","","","401.02"
"ElasticHosts","","17","4","-1","1117","-1","http://dbpedia.org/page/Linux","","","","404.02"
"ElasticHosts","","17","4","-1","1117","-1","http://dbpedia.org/page/Microsoft_Windows","","","","419.02"
"ElasticHosts","","17","5","-1","1117","-1","http://dbpedia.org/page/Linux","","","","422.02"
"ElasticHosts","","17","5","-1","1117","-1","http://dbpedia.org/page/Microsoft_Windows","","","","437.02"
"ElasticHosts","","17","6","-1","1117","-1","http://dbpedia.org/page/Linux","","","","440.02"
"ElasticHosts","","17","6","-1","1117","-1","http://dbpedia.org/page/Microsoft_Windows","","","","455.02"
"ElasticHosts","","17","7","-1","1117","-1","http://dbpedia.org/page/Linux","","","","458.02"
"ElasticHosts","","17","7","-1","1117","-1","http://dbpedia.org/page/Microsoft_Windows","","","","473.02"
"ElasticHosts","","1","1","-1","1489","-1","http://dbpedia.org/page/Linux","","","","179.85999999999999"
"ElasticHosts","","1","1","-1","1489","-1","http://dbpedia.org/page/Microsoft_Windows","","","","194.85999999999999"
"ElasticHosts","","1","2","-1","1489","-1","http://dbpedia.org/page/Linux","","","","197.85999999999999"
"ElasticHosts","","1","2","-1","1489","-1","http://dbpedia.org/page/Microsoft_Windows","","","","212.85999999999999"
"ElasticHosts","","1","3","-1","1489","-1","http://dbpedia.org/page/Linux","","","","215.85999999999996"
"ElasticHosts","","1","3","-1","1489","-1","http://dbpedia.org/page/Microsoft_Windows","","","","230.85999999999996"
"ElasticHosts","","1","4","-1","1489","-1","http://dbpedia.org/page/Linux","","","","233.85999999999996"
"ElasticHosts","","1","4","-1","1489","-1","http://dbpedia.org/page/Microsoft_Windows","","","","248.85999999999996"
"ElasticHosts","","1","5","-1","1489","-1","http://dbpedia.org/page/Linux","","","","251.85999999999996"
"ElasticHosts","","1","5","-1","1489","-1","http://dbpedia.org/page/Microsoft_Windows","","","","266.85999999999996"
"ElasticHosts","","1","6","-1","1489","-1","http://dbpedia.org/page/Linux","","","","269.85999999999996"
"ElasticHosts","","1","6","-1","1489","-1","http://dbpedia.org/page/Microsoft_Windows","","","","284.85999999999996"
"ElasticHosts","","1","7","-1","1489","-1","http://dbpedia.org/page/Linux","","","","287.86"
"ElasticHosts","","1","7","-1","1489","-1","http://dbpedia.org/page/Microsoft_Windows","","","","302.86"
"ElasticHosts","","5","1","-1","1489","-1","http://dbpedia.org/page/Linux","","","","231.7"
"ElasticHosts","","5","1","-1","1489","-1","http://dbpedia.org/page/Microsoft_Windows","","","","246.7"
"ElasticHosts","","5","2","-1","1489","-1","http://dbpedia.org/page/Linux","","","","249.7"
"ElasticHosts","","5","2","-1","1489","-1","http://dbpedia.org/page/Microsoft_Windows","","","","264.7"
"ElasticHosts","","5","3","-1","1489","-1","http://dbpedia.org/page/Linux","","","","267.7"
"ElasticHosts","","5","3","-1","1489","-1","http://dbpedia.org/page/Microsoft_Windows","","","","282.7"
"ElasticHosts","","5","4","-1","1489","-1","http://dbpedia.org/page/Linux","","","","285.7"
"ElasticHosts","","5","4","-1","1489","-1","http://dbpedia.org/page/Microsoft_Windows","","","","300.7"
"ElasticHosts","","5","5","-1","1489","-1","http://dbpedia.org/page/Linux","","","","303.7"
"ElasticHosts","","5","5","-1","1489","-1","http://dbpedia.org/page/Microsoft_Windows","","","","318.7"
"ElasticHosts","","5","6","-1","1489","-1","http://dbpedia.org/page/Linux","","","","321.7"
"ElasticHosts","","5","6","-1","1489","-1","http://dbpedia.org/page/Microsoft_Windows","","","","336.7"
"ElasticHosts","","5","7","-1","1489","-1","http://dbpedia.org/page/Linux","","","","339.7"
"ElasticHosts","","5","7","-1","1489","-1","http://dbpedia.org/page/Microsoft_Windows","","","","354.7"
"ElasticHosts","","9","1","-1","1489","-1","http://dbpedia.org/page/Linux","","","","283.53999999999996"
"ElasticHosts","","9","1","-1","1489","-1","http://dbpedia.org/page/Microsoft_Windows","","","","298.53999999999996"
"ElasticHosts","","9","2","-1","1489","-1","http://dbpedia.org/page/Linux","","","","301.53999999999996"
"ElasticHosts","","9","2","-1","1489","-1","http://dbpedia.org/page/Microsoft_Windows","","","","316.53999999999996"
"ElasticHosts","","9","3","-1","1489","-1","http://dbpedia.org/page/Linux","","","","319.53999999999996"
"ElasticHosts","","9","3","-1","1489","-1","http://dbpedia.org/page/Microsoft_Windows","","","","334.53999999999996"
"ElasticHosts","","9","4","-1","1489","-1","http://dbpedia.org/page/Linux","","","","337.53999999999996"
"ElasticHosts","","9","4","-1","1489","-1","http://dbpedia.org/page/Microsoft_Windows","","","","352.53999999999996"
"ElasticHosts","","9","5","-1","1489","-1","http://dbpedia.org/page/Linux","","","","355.53999999999996"
"ElasticHosts","","9","5","-1","1489","-1","http://dbpedia.org/page/Microsoft_Windows","","","","370.53999999999996"
"ElasticHosts","","9","6","-1","1489","-1","http://dbpedia.org/page/Linux","","","","373.53999999999996"
"ElasticHosts","","9","6","-1","1489","-1","http://dbpedia.org/page/Microsoft_Windows","","","","388.53999999999996"
"ElasticHosts","","9","7","-1","1489","-1","http://dbpedia.org/page/Linux","","","","391.53999999999996"
"ElasticHosts","","9","7","-1","1489","-1","http://dbpedia.org/page/Microsoft_Windows","","","","406.53999999999996"
"ElasticHosts","","13","1","-1","1489","-1","http://dbpedia.org/page/Linux","","","","335.38"
"ElasticHosts","","13","1","-1","1489","-1","http://dbpedia.org/page/Microsoft_Windows","","","","350.38"
"ElasticHosts","","13","2","-1","1489","-1","http://dbpedia.org/page/Linux","","","","353.38"
"ElasticHosts","","13","2","-1","1489","-1","http://dbpedia.org/page/Microsoft_Windows","","","","368.38"
"ElasticHosts","","13","3","-1","1489","-1","http://dbpedia.org/page/Linux","","","","371.38"
"ElasticHosts","","13","3","-1","1489","-1","http://dbpedia.org/page/Microsoft_Windows","","","","386.38"
"ElasticHosts","","13","4","-1","1489","-1","http://dbpedia.org/page/Linux","","","","389.38"
"ElasticHosts","","13","4","-1","1489","-1","http://dbpedia.org/page/Microsoft_Windows","","","","404.38"
"ElasticHosts","","13","5","-1","1489","-1","http://dbpedia.org/page/Linux","","","","407.38"
"ElasticHosts","","13","5","-1","1489","-1","http://dbpedia.org/page/Microsoft_Windows","","","","422.38"
"ElasticHosts","","13","6","-1","1489","-1","http://dbpedia.org/page/Linux","","","","425.38"
"ElasticHosts","","13","6","-1","1489","-1","http://dbpedia.org/page/Microsoft_Windows","","","","440.38"
"ElasticHosts","","13","7","-1","1489","-1","http://dbpedia.org/page/Linux","","","","443.38"
"ElasticHosts","","13","7","-1","1489","-1","http://dbpedia.org/page/Microsoft_Windows","","","","458.38"
"ElasticHosts","","17","1","-1","1489","-1","http://dbpedia.org/page/Linux","","","","387.21999999999997"
"ElasticHosts","","17","1","-1","1489","-1","http://dbpedia.org/page/Microsoft_Windows","","","","402.21999999999997"
"ElasticHosts","","17","2","-1","1489","-1","http://dbpedia.org/page/Linux","","","","405.21999999999997"
"ElasticHosts","","17","2","-1","1489","-1","http://dbpedia.org/page/Microsoft_Windows","","","","420.21999999999997"
"ElasticHosts","","17","3","-1","1489","-1","http://dbpedia.org/page/Linux","","","","423.21999999999997"
"ElasticHosts","","17","3","-1","1489","-1","http://dbpedia.org/page/Microsoft_Windows","","","","438.21999999999997"
"ElasticHosts","","17","4","-1","1489","-1","http://dbpedia.org/page/Linux","","","","441.21999999999997"
"ElasticHosts","","17","4","-1","1489","-1","http://dbpedia.org/page/Microsoft_Windows","","","","456.21999999999997"
"ElasticHosts","","17","5","-1","1489","-1","http://dbpedia.org/page/Linux","","","","459.21999999999997"
"ElasticHosts","","17","5","-1","1489","-1","http://dbpedia.org/page/Microsoft_Windows","","","","474.21999999999997"
"ElasticHosts","","17","6","-1","1489","-1","http://dbpedia.org/page/Linux","","","","477.21999999999997"
"ElasticHosts","","17","6","-1","1489","-1","http://dbpedia.org/page/Microsoft_Windows","","","","492.21999999999997"
"ElasticHosts","","17","7","-1","1489","-1","http://dbpedia.org/page/Linux","","","","495.21999999999997"
"ElasticHosts","","17","7","-1","1489","-1","http://dbpedia.org/page/Microsoft_Windows","","","","510.21999999999997"
"ElasticHosts","","1","1","-1","1861","-1","http://dbpedia.org/page/Linux","","","","217.06"
"ElasticHosts","","1","1","-1","1861","-1","http://dbpedia.org/page/Microsoft_Windows","","","","232.06"
"ElasticHosts","","1","2","-1","1861","-1","http://dbpedia.org/page/Linux","","","","235.06"
"ElasticHosts","","1","2","-1","1861","-1","http://dbpedia.org/page/Microsoft_Windows","","","","250.06"
"ElasticHosts","","1","3","-1","1861","-1","http://dbpedia.org/page/Linux","","","","253.06"
"ElasticHosts","","1","3","-1","1861","-1","http://dbpedia.org/page/Microsoft_Windows","","","","268.06"
"ElasticHosts","","1","4","-1","1861","-1","http://dbpedia.org/page/Linux","","","","271.06"
"ElasticHosts","","1","4","-1","1861","-1","http://dbpedia.org/page/Microsoft_Windows","","","","286.06"
"ElasticHosts","","1","5","-1","1861","-1","http://dbpedia.org/page/Linux","","","","289.06"
"ElasticHosts","","1","5","-1","1861","-1","http://dbpedia.org/page/Microsoft_Windows","","","","304.06"
"ElasticHosts","","1","6","-1","1861","-1","http://dbpedia.org/page/Linux","","","","307.06"
"ElasticHosts","","1","6","-1","1861","-1","http://dbpedia.org/page/Microsoft_Windows","","","","322.06"
"ElasticHosts","","1","7","-1","1861","-1","http://dbpedia.org/page/Linux","","","","325.06"
"ElasticHosts","","1","7","-1","1861","-1","http://dbpedia.org/page/Microsoft_Windows","","","","340.06"
"ElasticHosts","","5","1","-1","1861","-1","http://dbpedia.org/page/Linux","","","","268.9"
"ElasticHosts","","5","1","-1","1861","-1","http://dbpedia.org/page/Microsoft_Windows","","","","283.9"
"ElasticHosts","","5","2","-1","1861","-1","http://dbpedia.org/page/Linux","","","","286.9"
"ElasticHosts","","5","2","-1","1861","-1","http://dbpedia.org/page/Microsoft_Windows","","","","301.9"
"ElasticHosts","","5","3","-1","1861","-1","http://dbpedia.org/page/Linux","","","","304.9"
"ElasticHosts","","5","3","-1","1861","-1","http://dbpedia.org/page/Microsoft_Windows","","","","319.9"
"ElasticHosts","","5","4","-1","1861","-1","http://dbpedia.org/page/Linux","","","","322.9"
"ElasticHosts","","5","4","-1","1861","-1","http://dbpedia.org/page/Microsoft_Windows","","","","337.9"
"ElasticHosts","","5","5","-1","1861","-1","http://dbpedia.org/page/Linux","","","","340.9"
"ElasticHosts","","5","5","-1","1861","-1","http://dbpedia.org/page/Microsoft_Windows","","","","355.9"
"ElasticHosts","","5","6","-1","1861","-1","http://dbpedia.org/page/Linux","","","","358.9"
"ElasticHosts","","5","6","-1","1861","-1","http://dbpedia.org/page/Microsoft_Windows","","","","373.9"
"ElasticHosts","","5","7","-1","1861","-1","http://dbpedia.org/page/Linux","","","","376.9"
"ElasticHosts","","5","7","-1","1861","-1","http://dbpedia.org/page/Microsoft_Windows","","","","391.9"
"ElasticHosts","","9","1","-1","1861","-1","http://dbpedia.org/page/Linux","","","","320.74"
"ElasticHosts","","9","1","-1","1861","-1","http://dbpedia.org/page/Microsoft_Windows","","","","335.74"
"ElasticHosts","","9","2","-1","1861","-1","http://dbpedia.org/page/Linux","","","","338.74"
"ElasticHosts","","9","2","-1","1861","-1","http://dbpedia.org/page/Microsoft_Windows","","","","353.74"
"ElasticHosts","","9","3","-1","1861","-1","http://dbpedia.org/page/Linux","","","","356.74"
"ElasticHosts","","9","3","-1","1861","-1","http://dbpedia.org/page/Microsoft_Windows","","","","371.74"
"ElasticHosts","","9","4","-1","1861","-1","http://dbpedia.org/page/Linux","","","","374.74"
"ElasticHosts","","9","4","-1","1861","-1","http://dbpedia.org/page/Microsoft_Windows","","","","389.74"
"ElasticHosts","","9","5","-1","1861","-1","http://dbpedia.org/page/Linux","","","","392.74"
"ElasticHosts","","9","5","-1","1861","-1","http://dbpedia.org/page/Microsoft_Windows","","","","407.74"
"ElasticHosts","","9","6","-1","1861","-1","http://dbpedia.org/page/Linux","","","","410.74"
"ElasticHosts","","9","6","-1","1861","-1","http://dbpedia.org/page/Microsoft_Windows","","","","425.74"
"ElasticHosts","","9","7","-1","1861","-1","http://dbpedia.org/page/Linux","","","","428.74"
"ElasticHosts","","9","7","-1","1861","-1","http://dbpedia.org/page/Microsoft_Windows","","","","443.74"
"ElasticHosts","","13","1","-1","1861","-1","http://dbpedia.org/page/Linux","","","","372.58"
"ElasticHosts","","13","1","-1","1861","-1","http://dbpedia.org/page/Microsoft_Windows","","","","387.58"
"ElasticHosts","","13","2","-1","1861","-1","http://dbpedia.org/page/Linux","","","","390.58"
"ElasticHosts","","13","2","-1","1861","-1","http://dbpedia.org/page/Microsoft_Windows","","","","405.58"
"ElasticHosts","","13","3","-1","1861","-1","http://dbpedia.org/page/Linux","","","","408.58"
"ElasticHosts","","13","3","-1","1861","-1","http://dbpedia.org/page/Microsoft_Windows","","","","423.58"
"ElasticHosts","","13","4","-1","1861","-1","http://dbpedia.org/page/Linux","","","","426.58"
"ElasticHosts","","13","4","-1","1861","-1","http://dbpedia.org/page/Microsoft_Windows","","","","441.58"
"ElasticHosts","","13","5","-1","1861","-1","http://dbpedia.org/page/Linux","","","","444.58000000000004"
"ElasticHosts","","13","5","-1","1861","-1","http://dbpedia.org/page/Microsoft_Windows","","","","459.58000000000004"
"ElasticHosts","","13","6","-1","1861","-1","http://dbpedia.org/page/Linux","","","","462.58000000000004"
"ElasticHosts","","13","6","-1","1861","-1","http://dbpedia.org/page/Microsoft_Windows","","","","477.58000000000004"
"ElasticHosts","","13","7","-1","1861","-1","http://dbpedia.org/page/Linux","","","","480.58000000000004"
"ElasticHosts","","13","7","-1","1861","-1","http://dbpedia.org/page/Microsoft_Windows","","","","495.58000000000004"
"ElasticHosts","","17","1","-1","1861","-1","http://dbpedia.org/page/Linux","","","","424.41999999999996"
"ElasticHosts","","17","1","-1","1861","-1","http://dbpedia.org/page/Microsoft_Windows","","","","439.41999999999996"
"ElasticHosts","","17","2","-1","1861","-1","http://dbpedia.org/page/Linux","","","","442.41999999999996"
"ElasticHosts","","17","2","-1","1861","-1","http://dbpedia.org/page/Microsoft_Windows","","","","457.41999999999996"
"ElasticHosts","","17","3","-1","1861","-1","http://dbpedia.org/page/Linux","","","","460.41999999999996"
"ElasticHosts","","17","3","-1","1861","-1","http://dbpedia.org/page/Microsoft_Windows","","","","475.41999999999996"
"ElasticHosts","","17","4","-1","1861","-1","http://dbpedia.org/page/Linux","","","","478.41999999999996"
"ElasticHosts","","17","4","-1","1861","-1","http://dbpedia.org/page/Microsoft_Windows","","","","493.41999999999996"
"ElasticHosts","","17","5","-1","1861","-1","http://dbpedia.org/page/Linux","","","","496.41999999999996"
"ElasticHosts","","17","5","-1","1861","-1","http://dbpedia.org/page/Microsoft_Windows","","","","511.41999999999996"
"ElasticHosts","","17","6","-1","1861","-1","http://dbpedia.org/page/Linux","","","","514.42"
"ElasticHosts","","17","6","-1","1861","-1","http://dbpedia.org/page/Microsoft_Windows","","","","529.42"
"ElasticHosts","","17","7","-1","1861","-1","http://dbpedia.org/page/Linux","","","","532.42"
"ElasticHosts","","17","7","-1","1861","-1","http://dbpedia.org/page/Microsoft_Windows","","","","547.42"
