"Google","CP-COMPUTEENGINE-VMIMAGE-N1-STANDARD-2","2","7","-1","0","-1","http://dbpedia.org/page/Linux","","","All prices are given for the <b>Europe</b> continent.","80.30000000000001"
"Google","CP-COMPUTEENGINE-VMIMAGE-N1-STANDARD-2","2","7","-1","0","-1","http://dbpedia.org/page/Microsoft_Windows","","","All prices are given for the <b>Europe</b> continent.","109.50000000000001"
"Google","CP-COMPUTEENGINE-VMIMAGE-N1-STANDARD-2","2","7","-1","375","-1","http://dbpedia.org/page/Linux","","","All prices are given for the <b>Europe</b> continent.","162.05"
"Google","CP-COMPUTEENGINE-VMIMAGE-N1-STANDARD-2","2","7","-1","375","-1","http://dbpedia.org/page/Microsoft_Windows","","","All prices are given for the <b>Europe</b> continent.","191.25"
"Google","CP-COMPUTEENGINE-VMIMAGE-N1-STANDARD-2","2","7","-1","750","-1","http://dbpedia.org/page/Linux","","","All prices are given for the <b>Europe</b> continent.","243.8"
"Google","CP-COMPUTEENGINE-VMIMAGE-N1-STANDARD-2","2","7","-1","750","-1","http://dbpedia.org/page/Microsoft_Windows","","","All prices are given for the <b>Europe</b> continent.","273.0"
"Google","CP-COMPUTEENGINE-VMIMAGE-N1-STANDARD-2","2","7","-1","1125","-1","http://dbpedia.org/page/Linux","","","All prices are given for the <b>Europe</b> continent.","325.55"
"Google","CP-COMPUTEENGINE-VMIMAGE-N1-STANDARD-2","2","7","-1","1125","-1","http://dbpedia.org/page/Microsoft_Windows","","","All prices are given for the <b>Europe</b> continent.","354.75"
"Google","CP-COMPUTEENGINE-VMIMAGE-N1-STANDARD-2","2","7","-1","1500","-1","http://dbpedia.org/page/Linux","","","All prices are given for the <b>Europe</b> continent.","407.3"
"Google","CP-COMPUTEENGINE-VMIMAGE-N1-STANDARD-2","2","7","-1","1500","-1","http://dbpedia.org/page/Microsoft_Windows","","","All prices are given for the <b>Europe</b> continent.","436.5"
"Google","CP-COMPUTEENGINE-VMIMAGE-N1-STANDARD-1","1","3","-1","0","-1","http://dbpedia.org/page/Linux","","","All prices are given for the <b>Europe</b> continent.","40.150000000000006"
"Google","CP-COMPUTEENGINE-VMIMAGE-N1-STANDARD-1","1","3","-1","0","-1","http://dbpedia.org/page/Microsoft_Windows","","","All prices are given for the <b>Europe</b> continent.","69.35000000000001"
"Google","CP-COMPUTEENGINE-VMIMAGE-N1-STANDARD-1","1","3","-1","375","-1","http://dbpedia.org/page/Linux","","","All prices are given for the <b>Europe</b> continent.","121.9"
"Google","CP-COMPUTEENGINE-VMIMAGE-N1-STANDARD-1","1","3","-1","375","-1","http://dbpedia.org/page/Microsoft_Windows","","","All prices are given for the <b>Europe</b> continent.","151.1"
"Google","CP-COMPUTEENGINE-VMIMAGE-N1-STANDARD-1","1","3","-1","750","-1","http://dbpedia.org/page/Linux","","","All prices are given for the <b>Europe</b> continent.","203.65"
"Google","CP-COMPUTEENGINE-VMIMAGE-N1-STANDARD-1","1","3","-1","750","-1","http://dbpedia.org/page/Microsoft_Windows","","","All prices are given for the <b>Europe</b> continent.","232.85"
"Google","CP-COMPUTEENGINE-VMIMAGE-N1-STANDARD-1","1","3","-1","1125","-1","http://dbpedia.org/page/Linux","","","All prices are given for the <b>Europe</b> continent.","285.4"
"Google","CP-COMPUTEENGINE-VMIMAGE-N1-STANDARD-1","1","3","-1","1125","-1","http://dbpedia.org/page/Microsoft_Windows","","","All prices are given for the <b>Europe</b> continent.","314.59999999999997"
"Google","CP-COMPUTEENGINE-VMIMAGE-N1-STANDARD-1","1","3","-1","1500","-1","http://dbpedia.org/page/Linux","","","All prices are given for the <b>Europe</b> continent.","367.15"
"Google","CP-COMPUTEENGINE-VMIMAGE-N1-STANDARD-1","1","3","-1","1500","-1","http://dbpedia.org/page/Microsoft_Windows","","","All prices are given for the <b>Europe</b> continent.","396.34999999999997"
"Google","CP-COMPUTEENGINE-VMIMAGE-N1-STANDARD-16","16","60","-1","0","-1","http://dbpedia.org/page/Linux","","","All prices are given for the <b>Europe</b> continent.","642.4000000000001"
"Google","CP-COMPUTEENGINE-VMIMAGE-N1-STANDARD-16","16","60","-1","0","-1","http://dbpedia.org/page/Microsoft_Windows","","","All prices are given for the <b>Europe</b> continent.","671.6000000000001"
"Google","CP-COMPUTEENGINE-VMIMAGE-N1-STANDARD-16","16","60","-1","375","-1","http://dbpedia.org/page/Linux","","","All prices are given for the <b>Europe</b> continent.","724.1500000000001"
"Google","CP-COMPUTEENGINE-VMIMAGE-N1-STANDARD-16","16","60","-1","375","-1","http://dbpedia.org/page/Microsoft_Windows","","","All prices are given for the <b>Europe</b> continent.","753.3500000000001"
"Google","CP-COMPUTEENGINE-VMIMAGE-N1-STANDARD-16","16","60","-1","750","-1","http://dbpedia.org/page/Linux","","","All prices are given for the <b>Europe</b> continent.","805.9000000000001"
"Google","CP-COMPUTEENGINE-VMIMAGE-N1-STANDARD-16","16","60","-1","750","-1","http://dbpedia.org/page/Microsoft_Windows","","","All prices are given for the <b>Europe</b> continent.","835.1000000000001"
"Google","CP-COMPUTEENGINE-VMIMAGE-N1-STANDARD-16","16","60","-1","1125","-1","http://dbpedia.org/page/Linux","","","All prices are given for the <b>Europe</b> continent.","887.6500000000001"
"Google","CP-COMPUTEENGINE-VMIMAGE-N1-STANDARD-16","16","60","-1","1125","-1","http://dbpedia.org/page/Microsoft_Windows","","","All prices are given for the <b>Europe</b> continent.","916.8500000000001"
"Google","CP-COMPUTEENGINE-VMIMAGE-N1-STANDARD-16","16","60","-1","1500","-1","http://dbpedia.org/page/Linux","","","All prices are given for the <b>Europe</b> continent.","969.4000000000001"
"Google","CP-COMPUTEENGINE-VMIMAGE-N1-STANDARD-16","16","60","-1","1500","-1","http://dbpedia.org/page/Microsoft_Windows","","","All prices are given for the <b>Europe</b> continent.","998.6000000000001"
"Google","CP-COMPUTEENGINE-VMIMAGE-N1-STANDARD-8","8","30","-1","0","-1","http://dbpedia.org/page/Linux","","","All prices are given for the <b>Europe</b> continent.","321.20000000000005"
"Google","CP-COMPUTEENGINE-VMIMAGE-N1-STANDARD-8","8","30","-1","0","-1","http://dbpedia.org/page/Microsoft_Windows","","","All prices are given for the <b>Europe</b> continent.","350.40000000000003"
"Google","CP-COMPUTEENGINE-VMIMAGE-N1-STANDARD-8","8","30","-1","375","-1","http://dbpedia.org/page/Linux","","","All prices are given for the <b>Europe</b> continent.","402.95000000000005"
"Google","CP-COMPUTEENGINE-VMIMAGE-N1-STANDARD-8","8","30","-1","375","-1","http://dbpedia.org/page/Microsoft_Windows","","","All prices are given for the <b>Europe</b> continent.","432.15000000000003"
"Google","CP-COMPUTEENGINE-VMIMAGE-N1-STANDARD-8","8","30","-1","750","-1","http://dbpedia.org/page/Linux","","","All prices are given for the <b>Europe</b> continent.","484.70000000000005"
"Google","CP-COMPUTEENGINE-VMIMAGE-N1-STANDARD-8","8","30","-1","750","-1","http://dbpedia.org/page/Microsoft_Windows","","","All prices are given for the <b>Europe</b> continent.","513.9000000000001"
"Google","CP-COMPUTEENGINE-VMIMAGE-N1-STANDARD-8","8","30","-1","1125","-1","http://dbpedia.org/page/Linux","","","All prices are given for the <b>Europe</b> continent.","566.45"
"Google","CP-COMPUTEENGINE-VMIMAGE-N1-STANDARD-8","8","30","-1","1125","-1","http://dbpedia.org/page/Microsoft_Windows","","","All prices are given for the <b>Europe</b> continent.","595.6500000000001"
"Google","CP-COMPUTEENGINE-VMIMAGE-N1-STANDARD-8","8","30","-1","1500","-1","http://dbpedia.org/page/Linux","","","All prices are given for the <b>Europe</b> continent.","648.2"
"Google","CP-COMPUTEENGINE-VMIMAGE-N1-STANDARD-8","8","30","-1","1500","-1","http://dbpedia.org/page/Microsoft_Windows","","","All prices are given for the <b>Europe</b> continent.","677.4000000000001"
"Google","CP-COMPUTEENGINE-VMIMAGE-N1-STANDARD-4","4","15","-1","0","-1","http://dbpedia.org/page/Linux","","","All prices are given for the <b>Europe</b> continent.","160.60000000000002"
"Google","CP-COMPUTEENGINE-VMIMAGE-N1-STANDARD-4","4","15","-1","0","-1","http://dbpedia.org/page/Microsoft_Windows","","","All prices are given for the <b>Europe</b> continent.","189.8"
"Google","CP-COMPUTEENGINE-VMIMAGE-N1-STANDARD-4","4","15","-1","375","-1","http://dbpedia.org/page/Linux","","","All prices are given for the <b>Europe</b> continent.","242.35000000000002"
"Google","CP-COMPUTEENGINE-VMIMAGE-N1-STANDARD-4","4","15","-1","375","-1","http://dbpedia.org/page/Microsoft_Windows","","","All prices are given for the <b>Europe</b> continent.","271.55"
"Google","CP-COMPUTEENGINE-VMIMAGE-N1-STANDARD-4","4","15","-1","750","-1","http://dbpedia.org/page/Linux","","","All prices are given for the <b>Europe</b> continent.","324.1"
"Google","CP-COMPUTEENGINE-VMIMAGE-N1-STANDARD-4","4","15","-1","750","-1","http://dbpedia.org/page/Microsoft_Windows","","","All prices are given for the <b>Europe</b> continent.","353.3"
"Google","CP-COMPUTEENGINE-VMIMAGE-N1-STANDARD-4","4","15","-1","1125","-1","http://dbpedia.org/page/Linux","","","All prices are given for the <b>Europe</b> continent.","405.85"
"Google","CP-COMPUTEENGINE-VMIMAGE-N1-STANDARD-4","4","15","-1","1125","-1","http://dbpedia.org/page/Microsoft_Windows","","","All prices are given for the <b>Europe</b> continent.","435.05"
"Google","CP-COMPUTEENGINE-VMIMAGE-N1-STANDARD-4","4","15","-1","1500","-1","http://dbpedia.org/page/Linux","","","All prices are given for the <b>Europe</b> continent.","487.6"
"Google","CP-COMPUTEENGINE-VMIMAGE-N1-STANDARD-4","4","15","-1","1500","-1","http://dbpedia.org/page/Microsoft_Windows","","","All prices are given for the <b>Europe</b> continent.","516.8000000000001"
"Google","CP-COMPUTEENGINE-VMIMAGE-N1-HIGHMEM-16","16","104","-1","0","-1","http://dbpedia.org/page/Linux","","","All prices are given for the <b>Europe</b> continent.","811.7600000000001"
"Google","CP-COMPUTEENGINE-VMIMAGE-N1-HIGHMEM-16","16","104","-1","0","-1","http://dbpedia.org/page/Microsoft_Windows","","","All prices are given for the <b>Europe</b> continent.","840.9600000000002"
"Google","CP-COMPUTEENGINE-VMIMAGE-N1-HIGHMEM-16","16","104","-1","375","-1","http://dbpedia.org/page/Linux","","","All prices are given for the <b>Europe</b> continent.","893.5100000000001"
"Google","CP-COMPUTEENGINE-VMIMAGE-N1-HIGHMEM-16","16","104","-1","375","-1","http://dbpedia.org/page/Microsoft_Windows","","","All prices are given for the <b>Europe</b> continent.","922.7100000000002"
"Google","CP-COMPUTEENGINE-VMIMAGE-N1-HIGHMEM-16","16","104","-1","750","-1","http://dbpedia.org/page/Linux","","","All prices are given for the <b>Europe</b> continent.","975.2600000000001"
"Google","CP-COMPUTEENGINE-VMIMAGE-N1-HIGHMEM-16","16","104","-1","750","-1","http://dbpedia.org/page/Microsoft_Windows","","","All prices are given for the <b>Europe</b> continent.","1004.4600000000002"
"Google","CP-COMPUTEENGINE-VMIMAGE-N1-HIGHMEM-16","16","104","-1","1125","-1","http://dbpedia.org/page/Linux","","","All prices are given for the <b>Europe</b> continent.","1057.0100000000002"
"Google","CP-COMPUTEENGINE-VMIMAGE-N1-HIGHMEM-16","16","104","-1","1125","-1","http://dbpedia.org/page/Microsoft_Windows","","","All prices are given for the <b>Europe</b> continent.","1086.2100000000003"
"Google","CP-COMPUTEENGINE-VMIMAGE-N1-HIGHMEM-16","16","104","-1","1500","-1","http://dbpedia.org/page/Linux","","","All prices are given for the <b>Europe</b> continent.","1138.7600000000002"
"Google","CP-COMPUTEENGINE-VMIMAGE-N1-HIGHMEM-16","16","104","-1","1500","-1","http://dbpedia.org/page/Microsoft_Windows","","","All prices are given for the <b>Europe</b> continent.","1167.9600000000003"
"Google","CP-COMPUTEENGINE-VMIMAGE-N1-HIGHCPU-32","32","28","-1","0","-1","http://dbpedia.org/page/Linux","","","All prices are given for the <b>Europe</b> continent.","981.12"
"Google","CP-COMPUTEENGINE-VMIMAGE-N1-HIGHCPU-32","32","28","-1","0","-1","http://dbpedia.org/page/Microsoft_Windows","","","All prices are given for the <b>Europe</b> continent.","1010.32"
"Google","CP-COMPUTEENGINE-VMIMAGE-N1-HIGHCPU-32","32","28","-1","375","-1","http://dbpedia.org/page/Linux","","","All prices are given for the <b>Europe</b> continent.","1062.87"
"Google","CP-COMPUTEENGINE-VMIMAGE-N1-HIGHCPU-32","32","28","-1","375","-1","http://dbpedia.org/page/Microsoft_Windows","","","All prices are given for the <b>Europe</b> continent.","1092.07"
"Google","CP-COMPUTEENGINE-VMIMAGE-N1-HIGHCPU-32","32","28","-1","750","-1","http://dbpedia.org/page/Linux","","","All prices are given for the <b>Europe</b> continent.","1144.62"
"Google","CP-COMPUTEENGINE-VMIMAGE-N1-HIGHCPU-32","32","28","-1","750","-1","http://dbpedia.org/page/Microsoft_Windows","","","All prices are given for the <b>Europe</b> continent.","1173.82"
"Google","CP-COMPUTEENGINE-VMIMAGE-N1-HIGHCPU-32","32","28","-1","1125","-1","http://dbpedia.org/page/Linux","","","All prices are given for the <b>Europe</b> continent.","1226.37"
"Google","CP-COMPUTEENGINE-VMIMAGE-N1-HIGHCPU-32","32","28","-1","1125","-1","http://dbpedia.org/page/Microsoft_Windows","","","All prices are given for the <b>Europe</b> continent.","1255.57"
"Google","CP-COMPUTEENGINE-VMIMAGE-N1-HIGHCPU-32","32","28","-1","1500","-1","http://dbpedia.org/page/Linux","","","All prices are given for the <b>Europe</b> continent.","1308.12"
"Google","CP-COMPUTEENGINE-VMIMAGE-N1-HIGHCPU-32","32","28","-1","1500","-1","http://dbpedia.org/page/Microsoft_Windows","","","All prices are given for the <b>Europe</b> continent.","1337.32"
"Google","CP-COMPUTEENGINE-VMIMAGE-N1-HIGHCPU-32-PREEMPTIBLE","32","28","-1","0","-1","http://dbpedia.org/page/Linux","","","All prices are given for the <b>Europe</b> continent.","256.96000000000004"
"Google","CP-COMPUTEENGINE-VMIMAGE-N1-HIGHCPU-32-PREEMPTIBLE","32","28","-1","0","-1","http://dbpedia.org/page/Microsoft_Windows","","","All prices are given for the <b>Europe</b> continent.","286.16"
"Google","CP-COMPUTEENGINE-VMIMAGE-N1-HIGHCPU-32-PREEMPTIBLE","32","28","-1","375","-1","http://dbpedia.org/page/Linux","","","All prices are given for the <b>Europe</b> continent.","338.71000000000004"
"Google","CP-COMPUTEENGINE-VMIMAGE-N1-HIGHCPU-32-PREEMPTIBLE","32","28","-1","375","-1","http://dbpedia.org/page/Microsoft_Windows","","","All prices are given for the <b>Europe</b> continent.","367.91"
"Google","CP-COMPUTEENGINE-VMIMAGE-N1-HIGHCPU-32-PREEMPTIBLE","32","28","-1","750","-1","http://dbpedia.org/page/Linux","","","All prices are given for the <b>Europe</b> continent.","420.46000000000004"
"Google","CP-COMPUTEENGINE-VMIMAGE-N1-HIGHCPU-32-PREEMPTIBLE","32","28","-1","750","-1","http://dbpedia.org/page/Microsoft_Windows","","","All prices are given for the <b>Europe</b> continent.","449.66"
"Google","CP-COMPUTEENGINE-VMIMAGE-N1-HIGHCPU-32-PREEMPTIBLE","32","28","-1","1125","-1","http://dbpedia.org/page/Linux","","","All prices are given for the <b>Europe</b> continent.","502.21000000000004"
"Google","CP-COMPUTEENGINE-VMIMAGE-N1-HIGHCPU-32-PREEMPTIBLE","32","28","-1","1125","-1","http://dbpedia.org/page/Microsoft_Windows","","","All prices are given for the <b>Europe</b> continent.","531.4100000000001"
"Google","CP-COMPUTEENGINE-VMIMAGE-N1-HIGHCPU-32-PREEMPTIBLE","32","28","-1","1500","-1","http://dbpedia.org/page/Linux","","","All prices are given for the <b>Europe</b> continent.","583.96"
"Google","CP-COMPUTEENGINE-VMIMAGE-N1-HIGHCPU-32-PREEMPTIBLE","32","28","-1","1500","-1","http://dbpedia.org/page/Microsoft_Windows","","","All prices are given for the <b>Europe</b> continent.","613.1600000000001"
"Google","CP-COMPUTEENGINE-VMIMAGE-G1-SMALL-PREEMPTIBLE","0","1","-1","0","-1","http://dbpedia.org/page/Linux","","","All prices are given for the <b>Europe</b> continent.","7.3"
"Google","CP-COMPUTEENGINE-VMIMAGE-G1-SMALL-PREEMPTIBLE","0","1","-1","0","-1","http://dbpedia.org/page/Microsoft_Windows","","","All prices are given for the <b>Europe</b> continent.","21.9"
"Google","CP-COMPUTEENGINE-VMIMAGE-N1-STANDARD-16-PREEMPTIBLE","16","60","-1","0","-1","http://dbpedia.org/page/Linux","","","All prices are given for the <b>Europe</b> continent.","192.72000000000003"
"Google","CP-COMPUTEENGINE-VMIMAGE-N1-STANDARD-16-PREEMPTIBLE","16","60","-1","0","-1","http://dbpedia.org/page/Microsoft_Windows","","","All prices are given for the <b>Europe</b> continent.","221.92000000000002"
"Google","CP-COMPUTEENGINE-VMIMAGE-N1-STANDARD-16-PREEMPTIBLE","16","60","-1","375","-1","http://dbpedia.org/page/Linux","","","All prices are given for the <b>Europe</b> continent.","274.47"
"Google","CP-COMPUTEENGINE-VMIMAGE-N1-STANDARD-16-PREEMPTIBLE","16","60","-1","375","-1","http://dbpedia.org/page/Microsoft_Windows","","","All prices are given for the <b>Europe</b> continent.","303.67"
"Google","CP-COMPUTEENGINE-VMIMAGE-N1-STANDARD-16-PREEMPTIBLE","16","60","-1","750","-1","http://dbpedia.org/page/Linux","","","All prices are given for the <b>Europe</b> continent.","356.22"
"Google","CP-COMPUTEENGINE-VMIMAGE-N1-STANDARD-16-PREEMPTIBLE","16","60","-1","750","-1","http://dbpedia.org/page/Microsoft_Windows","","","All prices are given for the <b>Europe</b> continent.","385.42"
"Google","CP-COMPUTEENGINE-VMIMAGE-N1-STANDARD-16-PREEMPTIBLE","16","60","-1","1125","-1","http://dbpedia.org/page/Linux","","","All prices are given for the <b>Europe</b> continent.","437.97"
"Google","CP-COMPUTEENGINE-VMIMAGE-N1-STANDARD-16-PREEMPTIBLE","16","60","-1","1125","-1","http://dbpedia.org/page/Microsoft_Windows","","","All prices are given for the <b>Europe</b> continent.","467.17"
"Google","CP-COMPUTEENGINE-VMIMAGE-N1-STANDARD-16-PREEMPTIBLE","16","60","-1","1500","-1","http://dbpedia.org/page/Linux","","","All prices are given for the <b>Europe</b> continent.","519.72"
"Google","CP-COMPUTEENGINE-VMIMAGE-N1-STANDARD-16-PREEMPTIBLE","16","60","-1","1500","-1","http://dbpedia.org/page/Microsoft_Windows","","","All prices are given for the <b>Europe</b> continent.","548.9200000000001"
"Google","CP-COMPUTEENGINE-VMIMAGE-N1-HIGHMEM-32-PREEMPTIBLE","32","208","-1","0","-1","http://dbpedia.org/page/Linux","","","All prices are given for the <b>Europe</b> continent.","449.68"
"Google","CP-COMPUTEENGINE-VMIMAGE-N1-HIGHMEM-32-PREEMPTIBLE","32","208","-1","0","-1","http://dbpedia.org/page/Microsoft_Windows","","","All prices are given for the <b>Europe</b> continent.","478.88"
"Google","CP-COMPUTEENGINE-VMIMAGE-N1-HIGHMEM-32-PREEMPTIBLE","32","208","-1","375","-1","http://dbpedia.org/page/Linux","","","All prices are given for the <b>Europe</b> continent.","531.4300000000001"
"Google","CP-COMPUTEENGINE-VMIMAGE-N1-HIGHMEM-32-PREEMPTIBLE","32","208","-1","375","-1","http://dbpedia.org/page/Microsoft_Windows","","","All prices are given for the <b>Europe</b> continent.","560.6300000000001"
"Google","CP-COMPUTEENGINE-VMIMAGE-N1-HIGHMEM-32-PREEMPTIBLE","32","208","-1","750","-1","http://dbpedia.org/page/Linux","","","All prices are given for the <b>Europe</b> continent.","613.1800000000001"
"Google","CP-COMPUTEENGINE-VMIMAGE-N1-HIGHMEM-32-PREEMPTIBLE","32","208","-1","750","-1","http://dbpedia.org/page/Microsoft_Windows","","","All prices are given for the <b>Europe</b> continent.","642.3800000000001"
"Google","CP-COMPUTEENGINE-VMIMAGE-N1-HIGHMEM-32-PREEMPTIBLE","32","208","-1","1125","-1","http://dbpedia.org/page/Linux","","","All prices are given for the <b>Europe</b> continent.","694.9300000000001"
"Google","CP-COMPUTEENGINE-VMIMAGE-N1-HIGHMEM-32-PREEMPTIBLE","32","208","-1","1125","-1","http://dbpedia.org/page/Microsoft_Windows","","","All prices are given for the <b>Europe</b> continent.","724.1300000000001"
"Google","CP-COMPUTEENGINE-VMIMAGE-N1-HIGHMEM-32-PREEMPTIBLE","32","208","-1","1500","-1","http://dbpedia.org/page/Linux","","","All prices are given for the <b>Europe</b> continent.","776.6800000000001"
"Google","CP-COMPUTEENGINE-VMIMAGE-N1-HIGHMEM-32-PREEMPTIBLE","32","208","-1","1500","-1","http://dbpedia.org/page/Microsoft_Windows","","","All prices are given for the <b>Europe</b> continent.","805.8800000000001"
"Google","CP-COMPUTEENGINE-VMIMAGE-G1-SMALL","0","1","-1","0","-1","http://dbpedia.org/page/Linux","","","All prices are given for the <b>Europe</b> continent.","21.9"
"Google","CP-COMPUTEENGINE-VMIMAGE-G1-SMALL","0","1","-1","0","-1","http://dbpedia.org/page/Microsoft_Windows","","","All prices are given for the <b>Europe</b> continent.","36.5"
"Google","CP-COMPUTEENGINE-VMIMAGE-N1-STANDARD-32","32","120","-1","0","-1","http://dbpedia.org/page/Linux","","","All prices are given for the <b>Europe</b> continent.","1284.8000000000002"
"Google","CP-COMPUTEENGINE-VMIMAGE-N1-STANDARD-32","32","120","-1","0","-1","http://dbpedia.org/page/Microsoft_Windows","","","All prices are given for the <b>Europe</b> continent.","1314.0000000000002"
"Google","CP-COMPUTEENGINE-VMIMAGE-N1-STANDARD-32","32","120","-1","375","-1","http://dbpedia.org/page/Linux","","","All prices are given for the <b>Europe</b> continent.","1366.5500000000002"
"Google","CP-COMPUTEENGINE-VMIMAGE-N1-STANDARD-32","32","120","-1","375","-1","http://dbpedia.org/page/Microsoft_Windows","","","All prices are given for the <b>Europe</b> continent.","1395.7500000000002"
"Google","CP-COMPUTEENGINE-VMIMAGE-N1-STANDARD-32","32","120","-1","750","-1","http://dbpedia.org/page/Linux","","","All prices are given for the <b>Europe</b> continent.","1448.3000000000002"
"Google","CP-COMPUTEENGINE-VMIMAGE-N1-STANDARD-32","32","120","-1","750","-1","http://dbpedia.org/page/Microsoft_Windows","","","All prices are given for the <b>Europe</b> continent.","1477.5000000000002"
"Google","CP-COMPUTEENGINE-VMIMAGE-N1-STANDARD-32","32","120","-1","1125","-1","http://dbpedia.org/page/Linux","","","All prices are given for the <b>Europe</b> continent.","1530.0500000000002"
"Google","CP-COMPUTEENGINE-VMIMAGE-N1-STANDARD-32","32","120","-1","1125","-1","http://dbpedia.org/page/Microsoft_Windows","","","All prices are given for the <b>Europe</b> continent.","1559.2500000000002"
"Google","CP-COMPUTEENGINE-VMIMAGE-N1-STANDARD-32","32","120","-1","1500","-1","http://dbpedia.org/page/Linux","","","All prices are given for the <b>Europe</b> continent.","1611.8000000000002"
"Google","CP-COMPUTEENGINE-VMIMAGE-N1-STANDARD-32","32","120","-1","1500","-1","http://dbpedia.org/page/Microsoft_Windows","","","All prices are given for the <b>Europe</b> continent.","1641.0000000000002"
"Google","CP-COMPUTEENGINE-VMIMAGE-N1-HIGHCPU-8-PREEMPTIBLE","8","7","-1","0","-1","http://dbpedia.org/page/Linux","","","All prices are given for the <b>Europe</b> continent.","64.24000000000001"
"Google","CP-COMPUTEENGINE-VMIMAGE-N1-HIGHCPU-8-PREEMPTIBLE","8","7","-1","0","-1","http://dbpedia.org/page/Microsoft_Windows","","","All prices are given for the <b>Europe</b> continent.","93.44000000000001"
"Google","CP-COMPUTEENGINE-VMIMAGE-N1-HIGHCPU-8-PREEMPTIBLE","8","7","-1","375","-1","http://dbpedia.org/page/Linux","","","All prices are given for the <b>Europe</b> continent.","145.99"
"Google","CP-COMPUTEENGINE-VMIMAGE-N1-HIGHCPU-8-PREEMPTIBLE","8","7","-1","375","-1","http://dbpedia.org/page/Microsoft_Windows","","","All prices are given for the <b>Europe</b> continent.","175.19"
"Google","CP-COMPUTEENGINE-VMIMAGE-N1-HIGHCPU-8-PREEMPTIBLE","8","7","-1","750","-1","http://dbpedia.org/page/Linux","","","All prices are given for the <b>Europe</b> continent.","227.74"
"Google","CP-COMPUTEENGINE-VMIMAGE-N1-HIGHCPU-8-PREEMPTIBLE","8","7","-1","750","-1","http://dbpedia.org/page/Microsoft_Windows","","","All prices are given for the <b>Europe</b> continent.","256.94"
"Google","CP-COMPUTEENGINE-VMIMAGE-N1-HIGHCPU-8-PREEMPTIBLE","8","7","-1","1125","-1","http://dbpedia.org/page/Linux","","","All prices are given for the <b>Europe</b> continent.","309.49"
"Google","CP-COMPUTEENGINE-VMIMAGE-N1-HIGHCPU-8-PREEMPTIBLE","8","7","-1","1125","-1","http://dbpedia.org/page/Microsoft_Windows","","","All prices are given for the <b>Europe</b> continent.","338.69"
"Google","CP-COMPUTEENGINE-VMIMAGE-N1-HIGHCPU-8-PREEMPTIBLE","8","7","-1","1500","-1","http://dbpedia.org/page/Linux","","","All prices are given for the <b>Europe</b> continent.","391.24"
"Google","CP-COMPUTEENGINE-VMIMAGE-N1-HIGHCPU-8-PREEMPTIBLE","8","7","-1","1500","-1","http://dbpedia.org/page/Microsoft_Windows","","","All prices are given for the <b>Europe</b> continent.","420.44"
"Google","CP-COMPUTEENGINE-VMIMAGE-N1-HIGHMEM-4-PREEMPTIBLE","4","26","-1","0","-1","http://dbpedia.org/page/Linux","","","All prices are given for the <b>Europe</b> continent.","56.21"
"Google","CP-COMPUTEENGINE-VMIMAGE-N1-HIGHMEM-4-PREEMPTIBLE","4","26","-1","0","-1","http://dbpedia.org/page/Microsoft_Windows","","","All prices are given for the <b>Europe</b> continent.","85.41"
"Google","CP-COMPUTEENGINE-VMIMAGE-N1-HIGHMEM-4-PREEMPTIBLE","4","26","-1","375","-1","http://dbpedia.org/page/Linux","","","All prices are given for the <b>Europe</b> continent.","137.96"
"Google","CP-COMPUTEENGINE-VMIMAGE-N1-HIGHMEM-4-PREEMPTIBLE","4","26","-1","375","-1","http://dbpedia.org/page/Microsoft_Windows","","","All prices are given for the <b>Europe</b> continent.","167.16"
"Google","CP-COMPUTEENGINE-VMIMAGE-N1-HIGHMEM-4-PREEMPTIBLE","4","26","-1","750","-1","http://dbpedia.org/page/Linux","","","All prices are given for the <b>Europe</b> continent.","219.71"
"Google","CP-COMPUTEENGINE-VMIMAGE-N1-HIGHMEM-4-PREEMPTIBLE","4","26","-1","750","-1","http://dbpedia.org/page/Microsoft_Windows","","","All prices are given for the <b>Europe</b> continent.","248.91"
"Google","CP-COMPUTEENGINE-VMIMAGE-N1-HIGHMEM-4-PREEMPTIBLE","4","26","-1","1125","-1","http://dbpedia.org/page/Linux","","","All prices are given for the <b>Europe</b> continent.","301.46"
"Google","CP-COMPUTEENGINE-VMIMAGE-N1-HIGHMEM-4-PREEMPTIBLE","4","26","-1","1125","-1","http://dbpedia.org/page/Microsoft_Windows","","","All prices are given for the <b>Europe</b> continent.","330.65999999999997"
"Google","CP-COMPUTEENGINE-VMIMAGE-N1-HIGHMEM-4-PREEMPTIBLE","4","26","-1","1500","-1","http://dbpedia.org/page/Linux","","","All prices are given for the <b>Europe</b> continent.","383.21"
"Google","CP-COMPUTEENGINE-VMIMAGE-N1-HIGHMEM-4-PREEMPTIBLE","4","26","-1","1500","-1","http://dbpedia.org/page/Microsoft_Windows","","","All prices are given for the <b>Europe</b> continent.","412.40999999999997"
"Google","CP-COMPUTEENGINE-VMIMAGE-N1-HIGHMEM-8-PREEMPTIBLE","8","52","-1","0","-1","http://dbpedia.org/page/Linux","","","All prices are given for the <b>Europe</b> continent.","112.42"
"Google","CP-COMPUTEENGINE-VMIMAGE-N1-HIGHMEM-8-PREEMPTIBLE","8","52","-1","0","-1","http://dbpedia.org/page/Microsoft_Windows","","","All prices are given for the <b>Europe</b> continent.","141.62"
"Google","CP-COMPUTEENGINE-VMIMAGE-N1-HIGHMEM-8-PREEMPTIBLE","8","52","-1","375","-1","http://dbpedia.org/page/Linux","","","All prices are given for the <b>Europe</b> continent.","194.17000000000002"
"Google","CP-COMPUTEENGINE-VMIMAGE-N1-HIGHMEM-8-PREEMPTIBLE","8","52","-1","375","-1","http://dbpedia.org/page/Microsoft_Windows","","","All prices are given for the <b>Europe</b> continent.","223.37"
"Google","CP-COMPUTEENGINE-VMIMAGE-N1-HIGHMEM-8-PREEMPTIBLE","8","52","-1","750","-1","http://dbpedia.org/page/Linux","","","All prices are given for the <b>Europe</b> continent.","275.92"
"Google","CP-COMPUTEENGINE-VMIMAGE-N1-HIGHMEM-8-PREEMPTIBLE","8","52","-1","750","-1","http://dbpedia.org/page/Microsoft_Windows","","","All prices are given for the <b>Europe</b> continent.","305.12"
"Google","CP-COMPUTEENGINE-VMIMAGE-N1-HIGHMEM-8-PREEMPTIBLE","8","52","-1","1125","-1","http://dbpedia.org/page/Linux","","","All prices are given for the <b>Europe</b> continent.","357.67"
"Google","CP-COMPUTEENGINE-VMIMAGE-N1-HIGHMEM-8-PREEMPTIBLE","8","52","-1","1125","-1","http://dbpedia.org/page/Microsoft_Windows","","","All prices are given for the <b>Europe</b> continent.","386.87"
"Google","CP-COMPUTEENGINE-VMIMAGE-N1-HIGHMEM-8-PREEMPTIBLE","8","52","-1","1500","-1","http://dbpedia.org/page/Linux","","","All prices are given for the <b>Europe</b> continent.","439.42"
"Google","CP-COMPUTEENGINE-VMIMAGE-N1-HIGHMEM-8-PREEMPTIBLE","8","52","-1","1500","-1","http://dbpedia.org/page/Microsoft_Windows","","","All prices are given for the <b>Europe</b> continent.","468.62"
"Google","CP-COMPUTEENGINE-VMIMAGE-N1-HIGHCPU-2-PREEMPTIBLE","2","1","-1","0","-1","http://dbpedia.org/page/Linux","","","All prices are given for the <b>Europe</b> continent.","16.060000000000002"
"Google","CP-COMPUTEENGINE-VMIMAGE-N1-HIGHCPU-2-PREEMPTIBLE","2","1","-1","0","-1","http://dbpedia.org/page/Microsoft_Windows","","","All prices are given for the <b>Europe</b> continent.","45.260000000000005"
"Google","CP-COMPUTEENGINE-VMIMAGE-N1-HIGHCPU-2-PREEMPTIBLE","2","1","-1","375","-1","http://dbpedia.org/page/Linux","","","All prices are given for the <b>Europe</b> continent.","97.81"
"Google","CP-COMPUTEENGINE-VMIMAGE-N1-HIGHCPU-2-PREEMPTIBLE","2","1","-1","375","-1","http://dbpedia.org/page/Microsoft_Windows","","","All prices are given for the <b>Europe</b> continent.","127.01"
"Google","CP-COMPUTEENGINE-VMIMAGE-N1-HIGHCPU-2-PREEMPTIBLE","2","1","-1","750","-1","http://dbpedia.org/page/Linux","","","All prices are given for the <b>Europe</b> continent.","179.56"
"Google","CP-COMPUTEENGINE-VMIMAGE-N1-HIGHCPU-2-PREEMPTIBLE","2","1","-1","750","-1","http://dbpedia.org/page/Microsoft_Windows","","","All prices are given for the <b>Europe</b> continent.","208.76"
"Google","CP-COMPUTEENGINE-VMIMAGE-N1-HIGHCPU-2-PREEMPTIBLE","2","1","-1","1125","-1","http://dbpedia.org/page/Linux","","","All prices are given for the <b>Europe</b> continent.","261.31"
"Google","CP-COMPUTEENGINE-VMIMAGE-N1-HIGHCPU-2-PREEMPTIBLE","2","1","-1","1125","-1","http://dbpedia.org/page/Microsoft_Windows","","","All prices are given for the <b>Europe</b> continent.","290.51"
"Google","CP-COMPUTEENGINE-VMIMAGE-N1-HIGHCPU-2-PREEMPTIBLE","2","1","-1","1500","-1","http://dbpedia.org/page/Linux","","","All prices are given for the <b>Europe</b> continent.","343.06"
"Google","CP-COMPUTEENGINE-VMIMAGE-N1-HIGHCPU-2-PREEMPTIBLE","2","1","-1","1500","-1","http://dbpedia.org/page/Microsoft_Windows","","","All prices are given for the <b>Europe</b> continent.","372.26"
"Google","CP-COMPUTEENGINE-VMIMAGE-N1-HIGHCPU-4-PREEMPTIBLE","4","3","-1","0","-1","http://dbpedia.org/page/Linux","","","All prices are given for the <b>Europe</b> continent.","32.120000000000005"
"Google","CP-COMPUTEENGINE-VMIMAGE-N1-HIGHCPU-4-PREEMPTIBLE","4","3","-1","0","-1","http://dbpedia.org/page/Microsoft_Windows","","","All prices are given for the <b>Europe</b> continent.","61.32000000000001"
"Google","CP-COMPUTEENGINE-VMIMAGE-N1-HIGHCPU-4-PREEMPTIBLE","4","3","-1","375","-1","http://dbpedia.org/page/Linux","","","All prices are given for the <b>Europe</b> continent.","113.87"
"Google","CP-COMPUTEENGINE-VMIMAGE-N1-HIGHCPU-4-PREEMPTIBLE","4","3","-1","375","-1","http://dbpedia.org/page/Microsoft_Windows","","","All prices are given for the <b>Europe</b> continent.","143.07"
"Google","CP-COMPUTEENGINE-VMIMAGE-N1-HIGHCPU-4-PREEMPTIBLE","4","3","-1","750","-1","http://dbpedia.org/page/Linux","","","All prices are given for the <b>Europe</b> continent.","195.62"
"Google","CP-COMPUTEENGINE-VMIMAGE-N1-HIGHCPU-4-PREEMPTIBLE","4","3","-1","750","-1","http://dbpedia.org/page/Microsoft_Windows","","","All prices are given for the <b>Europe</b> continent.","224.82"
"Google","CP-COMPUTEENGINE-VMIMAGE-N1-HIGHCPU-4-PREEMPTIBLE","4","3","-1","1125","-1","http://dbpedia.org/page/Linux","","","All prices are given for the <b>Europe</b> continent.","277.37"
"Google","CP-COMPUTEENGINE-VMIMAGE-N1-HIGHCPU-4-PREEMPTIBLE","4","3","-1","1125","-1","http://dbpedia.org/page/Microsoft_Windows","","","All prices are given for the <b>Europe</b> continent.","306.57"
"Google","CP-COMPUTEENGINE-VMIMAGE-N1-HIGHCPU-4-PREEMPTIBLE","4","3","-1","1500","-1","http://dbpedia.org/page/Linux","","","All prices are given for the <b>Europe</b> continent.","359.12"
"Google","CP-COMPUTEENGINE-VMIMAGE-N1-HIGHCPU-4-PREEMPTIBLE","4","3","-1","1500","-1","http://dbpedia.org/page/Microsoft_Windows","","","All prices are given for the <b>Europe</b> continent.","388.32"
"Google","CP-COMPUTEENGINE-VMIMAGE-N1-HIGHCPU-2","2","1","-1","0","-1","http://dbpedia.org/page/Linux","","","All prices are given for the <b>Europe</b> continent.","61.32"
"Google","CP-COMPUTEENGINE-VMIMAGE-N1-HIGHCPU-2","2","1","-1","0","-1","http://dbpedia.org/page/Microsoft_Windows","","","All prices are given for the <b>Europe</b> continent.","90.52"
"Google","CP-COMPUTEENGINE-VMIMAGE-N1-HIGHCPU-2","2","1","-1","375","-1","http://dbpedia.org/page/Linux","","","All prices are given for the <b>Europe</b> continent.","143.07"
"Google","CP-COMPUTEENGINE-VMIMAGE-N1-HIGHCPU-2","2","1","-1","375","-1","http://dbpedia.org/page/Microsoft_Windows","","","All prices are given for the <b>Europe</b> continent.","172.26999999999998"
"Google","CP-COMPUTEENGINE-VMIMAGE-N1-HIGHCPU-2","2","1","-1","750","-1","http://dbpedia.org/page/Linux","","","All prices are given for the <b>Europe</b> continent.","224.82"
"Google","CP-COMPUTEENGINE-VMIMAGE-N1-HIGHCPU-2","2","1","-1","750","-1","http://dbpedia.org/page/Microsoft_Windows","","","All prices are given for the <b>Europe</b> continent.","254.01999999999998"
"Google","CP-COMPUTEENGINE-VMIMAGE-N1-HIGHCPU-2","2","1","-1","1125","-1","http://dbpedia.org/page/Linux","","","All prices are given for the <b>Europe</b> continent.","306.57"
"Google","CP-COMPUTEENGINE-VMIMAGE-N1-HIGHCPU-2","2","1","-1","1125","-1","http://dbpedia.org/page/Microsoft_Windows","","","All prices are given for the <b>Europe</b> continent.","335.77"
"Google","CP-COMPUTEENGINE-VMIMAGE-N1-HIGHCPU-2","2","1","-1","1500","-1","http://dbpedia.org/page/Linux","","","All prices are given for the <b>Europe</b> continent.","388.32"
"Google","CP-COMPUTEENGINE-VMIMAGE-N1-HIGHCPU-2","2","1","-1","1500","-1","http://dbpedia.org/page/Microsoft_Windows","","","All prices are given for the <b>Europe</b> continent.","417.52"
"Google","CP-COMPUTEENGINE-VMIMAGE-N1-HIGHMEM-32","32","208","-1","0","-1","http://dbpedia.org/page/Linux","","","All prices are given for the <b>Europe</b> continent.","1623.5200000000002"
"Google","CP-COMPUTEENGINE-VMIMAGE-N1-HIGHMEM-32","32","208","-1","0","-1","http://dbpedia.org/page/Microsoft_Windows","","","All prices are given for the <b>Europe</b> continent.","1652.7200000000003"
"Google","CP-COMPUTEENGINE-VMIMAGE-N1-HIGHMEM-32","32","208","-1","375","-1","http://dbpedia.org/page/Linux","","","All prices are given for the <b>Europe</b> continent.","1705.2700000000002"
"Google","CP-COMPUTEENGINE-VMIMAGE-N1-HIGHMEM-32","32","208","-1","375","-1","http://dbpedia.org/page/Microsoft_Windows","","","All prices are given for the <b>Europe</b> continent.","1734.4700000000003"
"Google","CP-COMPUTEENGINE-VMIMAGE-N1-HIGHMEM-32","32","208","-1","750","-1","http://dbpedia.org/page/Linux","","","All prices are given for the <b>Europe</b> continent.","1787.0200000000002"
"Google","CP-COMPUTEENGINE-VMIMAGE-N1-HIGHMEM-32","32","208","-1","750","-1","http://dbpedia.org/page/Microsoft_Windows","","","All prices are given for the <b>Europe</b> continent.","1816.2200000000003"
"Google","CP-COMPUTEENGINE-VMIMAGE-N1-HIGHMEM-32","32","208","-1","1125","-1","http://dbpedia.org/page/Linux","","","All prices are given for the <b>Europe</b> continent.","1868.7700000000002"
"Google","CP-COMPUTEENGINE-VMIMAGE-N1-HIGHMEM-32","32","208","-1","1125","-1","http://dbpedia.org/page/Microsoft_Windows","","","All prices are given for the <b>Europe</b> continent.","1897.9700000000003"
"Google","CP-COMPUTEENGINE-VMIMAGE-N1-HIGHMEM-32","32","208","-1","1500","-1","http://dbpedia.org/page/Linux","","","All prices are given for the <b>Europe</b> continent.","1950.5200000000002"
"Google","CP-COMPUTEENGINE-VMIMAGE-N1-HIGHMEM-32","32","208","-1","1500","-1","http://dbpedia.org/page/Microsoft_Windows","","","All prices are given for the <b>Europe</b> continent.","1979.7200000000003"
"Google","CP-COMPUTEENGINE-VMIMAGE-N1-HIGHMEM-2-PREEMPTIBLE","2","13","-1","0","-1","http://dbpedia.org/page/Linux","","","All prices are given for the <b>Europe</b> continent.","28.105"
"Google","CP-COMPUTEENGINE-VMIMAGE-N1-HIGHMEM-2-PREEMPTIBLE","2","13","-1","0","-1","http://dbpedia.org/page/Microsoft_Windows","","","All prices are given for the <b>Europe</b> continent.","57.305"
"Google","CP-COMPUTEENGINE-VMIMAGE-N1-HIGHMEM-2-PREEMPTIBLE","2","13","-1","375","-1","http://dbpedia.org/page/Linux","","","All prices are given for the <b>Europe</b> continent.","109.855"
"Google","CP-COMPUTEENGINE-VMIMAGE-N1-HIGHMEM-2-PREEMPTIBLE","2","13","-1","375","-1","http://dbpedia.org/page/Microsoft_Windows","","","All prices are given for the <b>Europe</b> continent.","139.055"
"Google","CP-COMPUTEENGINE-VMIMAGE-N1-HIGHMEM-2-PREEMPTIBLE","2","13","-1","750","-1","http://dbpedia.org/page/Linux","","","All prices are given for the <b>Europe</b> continent.","191.605"
"Google","CP-COMPUTEENGINE-VMIMAGE-N1-HIGHMEM-2-PREEMPTIBLE","2","13","-1","750","-1","http://dbpedia.org/page/Microsoft_Windows","","","All prices are given for the <b>Europe</b> continent.","220.80499999999998"
"Google","CP-COMPUTEENGINE-VMIMAGE-N1-HIGHMEM-2-PREEMPTIBLE","2","13","-1","1125","-1","http://dbpedia.org/page/Linux","","","All prices are given for the <b>Europe</b> continent.","273.355"
"Google","CP-COMPUTEENGINE-VMIMAGE-N1-HIGHMEM-2-PREEMPTIBLE","2","13","-1","1125","-1","http://dbpedia.org/page/Microsoft_Windows","","","All prices are given for the <b>Europe</b> continent.","302.555"
"Google","CP-COMPUTEENGINE-VMIMAGE-N1-HIGHMEM-2-PREEMPTIBLE","2","13","-1","1500","-1","http://dbpedia.org/page/Linux","","","All prices are given for the <b>Europe</b> continent.","355.105"
"Google","CP-COMPUTEENGINE-VMIMAGE-N1-HIGHMEM-2-PREEMPTIBLE","2","13","-1","1500","-1","http://dbpedia.org/page/Microsoft_Windows","","","All prices are given for the <b>Europe</b> continent.","384.305"
"Google","CP-COMPUTEENGINE-VMIMAGE-F1-MICRO-PREEMPTIBLE","0","0","-1","0","-1","http://dbpedia.org/page/Linux","","","All prices are given for the <b>Europe</b> continent.","3.65"
"Google","CP-COMPUTEENGINE-VMIMAGE-F1-MICRO-PREEMPTIBLE","0","0","-1","0","-1","http://dbpedia.org/page/Microsoft_Windows","","","All prices are given for the <b>Europe</b> continent.","18.25"
"Google","CP-COMPUTEENGINE-VMIMAGE-N1-STANDARD-32-PREEMPTIBLE","32","120","-1","0","-1","http://dbpedia.org/page/Linux","","","All prices are given for the <b>Europe</b> continent.","385.44000000000005"
"Google","CP-COMPUTEENGINE-VMIMAGE-N1-STANDARD-32-PREEMPTIBLE","32","120","-1","0","-1","http://dbpedia.org/page/Microsoft_Windows","","","All prices are given for the <b>Europe</b> continent.","414.64000000000004"
"Google","CP-COMPUTEENGINE-VMIMAGE-N1-STANDARD-32-PREEMPTIBLE","32","120","-1","375","-1","http://dbpedia.org/page/Linux","","","All prices are given for the <b>Europe</b> continent.","467.19000000000005"
"Google","CP-COMPUTEENGINE-VMIMAGE-N1-STANDARD-32-PREEMPTIBLE","32","120","-1","375","-1","http://dbpedia.org/page/Microsoft_Windows","","","All prices are given for the <b>Europe</b> continent.","496.39000000000004"
"Google","CP-COMPUTEENGINE-VMIMAGE-N1-STANDARD-32-PREEMPTIBLE","32","120","-1","750","-1","http://dbpedia.org/page/Linux","","","All prices are given for the <b>Europe</b> continent.","548.94"
"Google","CP-COMPUTEENGINE-VMIMAGE-N1-STANDARD-32-PREEMPTIBLE","32","120","-1","750","-1","http://dbpedia.org/page/Microsoft_Windows","","","All prices are given for the <b>Europe</b> continent.","578.1400000000001"
"Google","CP-COMPUTEENGINE-VMIMAGE-N1-STANDARD-32-PREEMPTIBLE","32","120","-1","1125","-1","http://dbpedia.org/page/Linux","","","All prices are given for the <b>Europe</b> continent.","630.69"
"Google","CP-COMPUTEENGINE-VMIMAGE-N1-STANDARD-32-PREEMPTIBLE","32","120","-1","1125","-1","http://dbpedia.org/page/Microsoft_Windows","","","All prices are given for the <b>Europe</b> continent.","659.8900000000001"
"Google","CP-COMPUTEENGINE-VMIMAGE-N1-STANDARD-32-PREEMPTIBLE","32","120","-1","1500","-1","http://dbpedia.org/page/Linux","","","All prices are given for the <b>Europe</b> continent.","712.44"
"Google","CP-COMPUTEENGINE-VMIMAGE-N1-STANDARD-32-PREEMPTIBLE","32","120","-1","1500","-1","http://dbpedia.org/page/Microsoft_Windows","","","All prices are given for the <b>Europe</b> continent.","741.6400000000001"
"Google","CP-COMPUTEENGINE-VMIMAGE-N1-HIGHCPU-8","8","7","-1","0","-1","http://dbpedia.org/page/Linux","","","All prices are given for the <b>Europe</b> continent.","245.28"
"Google","CP-COMPUTEENGINE-VMIMAGE-N1-HIGHCPU-8","8","7","-1","0","-1","http://dbpedia.org/page/Microsoft_Windows","","","All prices are given for the <b>Europe</b> continent.","274.48"
"Google","CP-COMPUTEENGINE-VMIMAGE-N1-HIGHCPU-8","8","7","-1","375","-1","http://dbpedia.org/page/Linux","","","All prices are given for the <b>Europe</b> continent.","327.03"
"Google","CP-COMPUTEENGINE-VMIMAGE-N1-HIGHCPU-8","8","7","-1","375","-1","http://dbpedia.org/page/Microsoft_Windows","","","All prices are given for the <b>Europe</b> continent.","356.22999999999996"
"Google","CP-COMPUTEENGINE-VMIMAGE-N1-HIGHCPU-8","8","7","-1","750","-1","http://dbpedia.org/page/Linux","","","All prices are given for the <b>Europe</b> continent.","408.78"
"Google","CP-COMPUTEENGINE-VMIMAGE-N1-HIGHCPU-8","8","7","-1","750","-1","http://dbpedia.org/page/Microsoft_Windows","","","All prices are given for the <b>Europe</b> continent.","437.97999999999996"
"Google","CP-COMPUTEENGINE-VMIMAGE-N1-HIGHCPU-8","8","7","-1","1125","-1","http://dbpedia.org/page/Linux","","","All prices are given for the <b>Europe</b> continent.","490.53"
"Google","CP-COMPUTEENGINE-VMIMAGE-N1-HIGHCPU-8","8","7","-1","1125","-1","http://dbpedia.org/page/Microsoft_Windows","","","All prices are given for the <b>Europe</b> continent.","519.73"
"Google","CP-COMPUTEENGINE-VMIMAGE-N1-HIGHCPU-8","8","7","-1","1500","-1","http://dbpedia.org/page/Linux","","","All prices are given for the <b>Europe</b> continent.","572.28"
"Google","CP-COMPUTEENGINE-VMIMAGE-N1-HIGHCPU-8","8","7","-1","1500","-1","http://dbpedia.org/page/Microsoft_Windows","","","All prices are given for the <b>Europe</b> continent.","601.48"
"Google","CP-COMPUTEENGINE-VMIMAGE-N1-HIGHCPU-4","4","3","-1","0","-1","http://dbpedia.org/page/Linux","","","All prices are given for the <b>Europe</b> continent.","122.64"
"Google","CP-COMPUTEENGINE-VMIMAGE-N1-HIGHCPU-4","4","3","-1","0","-1","http://dbpedia.org/page/Microsoft_Windows","","","All prices are given for the <b>Europe</b> continent.","151.84"
"Google","CP-COMPUTEENGINE-VMIMAGE-N1-HIGHCPU-4","4","3","-1","375","-1","http://dbpedia.org/page/Linux","","","All prices are given for the <b>Europe</b> continent.","204.39"
"Google","CP-COMPUTEENGINE-VMIMAGE-N1-HIGHCPU-4","4","3","-1","375","-1","http://dbpedia.org/page/Microsoft_Windows","","","All prices are given for the <b>Europe</b> continent.","233.58999999999997"
"Google","CP-COMPUTEENGINE-VMIMAGE-N1-HIGHCPU-4","4","3","-1","750","-1","http://dbpedia.org/page/Linux","","","All prices are given for the <b>Europe</b> continent.","286.14"
"Google","CP-COMPUTEENGINE-VMIMAGE-N1-HIGHCPU-4","4","3","-1","750","-1","http://dbpedia.org/page/Microsoft_Windows","","","All prices are given for the <b>Europe</b> continent.","315.34"
"Google","CP-COMPUTEENGINE-VMIMAGE-N1-HIGHCPU-4","4","3","-1","1125","-1","http://dbpedia.org/page/Linux","","","All prices are given for the <b>Europe</b> continent.","367.89"
"Google","CP-COMPUTEENGINE-VMIMAGE-N1-HIGHCPU-4","4","3","-1","1125","-1","http://dbpedia.org/page/Microsoft_Windows","","","All prices are given for the <b>Europe</b> continent.","397.09"
"Google","CP-COMPUTEENGINE-VMIMAGE-N1-HIGHCPU-4","4","3","-1","1500","-1","http://dbpedia.org/page/Linux","","","All prices are given for the <b>Europe</b> continent.","449.64"
"Google","CP-COMPUTEENGINE-VMIMAGE-N1-HIGHCPU-4","4","3","-1","1500","-1","http://dbpedia.org/page/Microsoft_Windows","","","All prices are given for the <b>Europe</b> continent.","478.84"
"Google","CP-COMPUTEENGINE-VMIMAGE-N1-HIGHCPU-16-PREEMPTIBLE","16","14","-1","0","-1","http://dbpedia.org/page/Linux","","","All prices are given for the <b>Europe</b> continent.","128.48000000000002"
"Google","CP-COMPUTEENGINE-VMIMAGE-N1-HIGHCPU-16-PREEMPTIBLE","16","14","-1","0","-1","http://dbpedia.org/page/Microsoft_Windows","","","All prices are given for the <b>Europe</b> continent.","157.68"
"Google","CP-COMPUTEENGINE-VMIMAGE-N1-HIGHCPU-16-PREEMPTIBLE","16","14","-1","375","-1","http://dbpedia.org/page/Linux","","","All prices are given for the <b>Europe</b> continent.","210.23000000000002"
"Google","CP-COMPUTEENGINE-VMIMAGE-N1-HIGHCPU-16-PREEMPTIBLE","16","14","-1","375","-1","http://dbpedia.org/page/Microsoft_Windows","","","All prices are given for the <b>Europe</b> continent.","239.43"
"Google","CP-COMPUTEENGINE-VMIMAGE-N1-HIGHCPU-16-PREEMPTIBLE","16","14","-1","750","-1","http://dbpedia.org/page/Linux","","","All prices are given for the <b>Europe</b> continent.","291.98"
"Google","CP-COMPUTEENGINE-VMIMAGE-N1-HIGHCPU-16-PREEMPTIBLE","16","14","-1","750","-1","http://dbpedia.org/page/Microsoft_Windows","","","All prices are given for the <b>Europe</b> continent.","321.18"
"Google","CP-COMPUTEENGINE-VMIMAGE-N1-HIGHCPU-16-PREEMPTIBLE","16","14","-1","1125","-1","http://dbpedia.org/page/Linux","","","All prices are given for the <b>Europe</b> continent.","373.73"
"Google","CP-COMPUTEENGINE-VMIMAGE-N1-HIGHCPU-16-PREEMPTIBLE","16","14","-1","1125","-1","http://dbpedia.org/page/Microsoft_Windows","","","All prices are given for the <b>Europe</b> continent.","402.93"
"Google","CP-COMPUTEENGINE-VMIMAGE-N1-HIGHCPU-16-PREEMPTIBLE","16","14","-1","1500","-1","http://dbpedia.org/page/Linux","","","All prices are given for the <b>Europe</b> continent.","455.48"
"Google","CP-COMPUTEENGINE-VMIMAGE-N1-HIGHCPU-16-PREEMPTIBLE","16","14","-1","1500","-1","http://dbpedia.org/page/Microsoft_Windows","","","All prices are given for the <b>Europe</b> continent.","484.68"
"Google","CP-COMPUTEENGINE-VMIMAGE-N1-HIGHMEM-16-PREEMPTIBLE","16","104","-1","0","-1","http://dbpedia.org/page/Linux","","","All prices are given for the <b>Europe</b> continent.","224.84"
"Google","CP-COMPUTEENGINE-VMIMAGE-N1-HIGHMEM-16-PREEMPTIBLE","16","104","-1","0","-1","http://dbpedia.org/page/Microsoft_Windows","","","All prices are given for the <b>Europe</b> continent.","254.04"
"Google","CP-COMPUTEENGINE-VMIMAGE-N1-HIGHMEM-16-PREEMPTIBLE","16","104","-1","375","-1","http://dbpedia.org/page/Linux","","","All prices are given for the <b>Europe</b> continent.","306.59000000000003"
"Google","CP-COMPUTEENGINE-VMIMAGE-N1-HIGHMEM-16-PREEMPTIBLE","16","104","-1","375","-1","http://dbpedia.org/page/Microsoft_Windows","","","All prices are given for the <b>Europe</b> continent.","335.79"
"Google","CP-COMPUTEENGINE-VMIMAGE-N1-HIGHMEM-16-PREEMPTIBLE","16","104","-1","750","-1","http://dbpedia.org/page/Linux","","","All prices are given for the <b>Europe</b> continent.","388.34000000000003"
"Google","CP-COMPUTEENGINE-VMIMAGE-N1-HIGHMEM-16-PREEMPTIBLE","16","104","-1","750","-1","http://dbpedia.org/page/Microsoft_Windows","","","All prices are given for the <b>Europe</b> continent.","417.54"
"Google","CP-COMPUTEENGINE-VMIMAGE-N1-HIGHMEM-16-PREEMPTIBLE","16","104","-1","1125","-1","http://dbpedia.org/page/Linux","","","All prices are given for the <b>Europe</b> continent.","470.09000000000003"
"Google","CP-COMPUTEENGINE-VMIMAGE-N1-HIGHMEM-16-PREEMPTIBLE","16","104","-1","1125","-1","http://dbpedia.org/page/Microsoft_Windows","","","All prices are given for the <b>Europe</b> continent.","499.29"
"Google","CP-COMPUTEENGINE-VMIMAGE-N1-HIGHMEM-16-PREEMPTIBLE","16","104","-1","1500","-1","http://dbpedia.org/page/Linux","","","All prices are given for the <b>Europe</b> continent.","551.84"
"Google","CP-COMPUTEENGINE-VMIMAGE-N1-HIGHMEM-16-PREEMPTIBLE","16","104","-1","1500","-1","http://dbpedia.org/page/Microsoft_Windows","","","All prices are given for the <b>Europe</b> continent.","581.0400000000001"
"Google","CP-COMPUTEENGINE-VMIMAGE-N1-STANDARD-1-PREEMPTIBLE","1","3","-1","0","-1","http://dbpedia.org/page/Linux","","","All prices are given for the <b>Europe</b> continent.","12.045000000000002"
"Google","CP-COMPUTEENGINE-VMIMAGE-N1-STANDARD-1-PREEMPTIBLE","1","3","-1","0","-1","http://dbpedia.org/page/Microsoft_Windows","","","All prices are given for the <b>Europe</b> continent.","41.245000000000005"
"Google","CP-COMPUTEENGINE-VMIMAGE-N1-STANDARD-1-PREEMPTIBLE","1","3","-1","375","-1","http://dbpedia.org/page/Linux","","","All prices are given for the <b>Europe</b> continent.","93.795"
"Google","CP-COMPUTEENGINE-VMIMAGE-N1-STANDARD-1-PREEMPTIBLE","1","3","-1","375","-1","http://dbpedia.org/page/Microsoft_Windows","","","All prices are given for the <b>Europe</b> continent.","122.995"
"Google","CP-COMPUTEENGINE-VMIMAGE-N1-STANDARD-1-PREEMPTIBLE","1","3","-1","750","-1","http://dbpedia.org/page/Linux","","","All prices are given for the <b>Europe</b> continent.","175.54500000000002"
"Google","CP-COMPUTEENGINE-VMIMAGE-N1-STANDARD-1-PREEMPTIBLE","1","3","-1","750","-1","http://dbpedia.org/page/Microsoft_Windows","","","All prices are given for the <b>Europe</b> continent.","204.745"
"Google","CP-COMPUTEENGINE-VMIMAGE-N1-STANDARD-1-PREEMPTIBLE","1","3","-1","1125","-1","http://dbpedia.org/page/Linux","","","All prices are given for the <b>Europe</b> continent.","257.295"
"Google","CP-COMPUTEENGINE-VMIMAGE-N1-STANDARD-1-PREEMPTIBLE","1","3","-1","1125","-1","http://dbpedia.org/page/Microsoft_Windows","","","All prices are given for the <b>Europe</b> continent.","286.495"
"Google","CP-COMPUTEENGINE-VMIMAGE-N1-STANDARD-1-PREEMPTIBLE","1","3","-1","1500","-1","http://dbpedia.org/page/Linux","","","All prices are given for the <b>Europe</b> continent.","339.045"
"Google","CP-COMPUTEENGINE-VMIMAGE-N1-STANDARD-1-PREEMPTIBLE","1","3","-1","1500","-1","http://dbpedia.org/page/Microsoft_Windows","","","All prices are given for the <b>Europe</b> continent.","368.245"
"Google","CP-COMPUTEENGINE-VMIMAGE-F1-MICRO","0","0","-1","0","-1","http://dbpedia.org/page/Linux","","","All prices are given for the <b>Europe</b> continent.","6.569999999999999"
"Google","CP-COMPUTEENGINE-VMIMAGE-F1-MICRO","0","0","-1","0","-1","http://dbpedia.org/page/Microsoft_Windows","","","All prices are given for the <b>Europe</b> continent.","21.169999999999998"
"Google","CP-COMPUTEENGINE-VMIMAGE-N1-STANDARD-2-PREEMPTIBLE","2","7","-1","0","-1","http://dbpedia.org/page/Linux","","","All prices are given for the <b>Europe</b> continent.","24.090000000000003"
"Google","CP-COMPUTEENGINE-VMIMAGE-N1-STANDARD-2-PREEMPTIBLE","2","7","-1","0","-1","http://dbpedia.org/page/Microsoft_Windows","","","All prices are given for the <b>Europe</b> continent.","53.290000000000006"
"Google","CP-COMPUTEENGINE-VMIMAGE-N1-STANDARD-2-PREEMPTIBLE","2","7","-1","375","-1","http://dbpedia.org/page/Linux","","","All prices are given for the <b>Europe</b> continent.","105.84"
"Google","CP-COMPUTEENGINE-VMIMAGE-N1-STANDARD-2-PREEMPTIBLE","2","7","-1","375","-1","http://dbpedia.org/page/Microsoft_Windows","","","All prices are given for the <b>Europe</b> continent.","135.04"
"Google","CP-COMPUTEENGINE-VMIMAGE-N1-STANDARD-2-PREEMPTIBLE","2","7","-1","750","-1","http://dbpedia.org/page/Linux","","","All prices are given for the <b>Europe</b> continent.","187.59"
"Google","CP-COMPUTEENGINE-VMIMAGE-N1-STANDARD-2-PREEMPTIBLE","2","7","-1","750","-1","http://dbpedia.org/page/Microsoft_Windows","","","All prices are given for the <b>Europe</b> continent.","216.79"
"Google","CP-COMPUTEENGINE-VMIMAGE-N1-STANDARD-2-PREEMPTIBLE","2","7","-1","1125","-1","http://dbpedia.org/page/Linux","","","All prices are given for the <b>Europe</b> continent.","269.34000000000003"
"Google","CP-COMPUTEENGINE-VMIMAGE-N1-STANDARD-2-PREEMPTIBLE","2","7","-1","1125","-1","http://dbpedia.org/page/Microsoft_Windows","","","All prices are given for the <b>Europe</b> continent.","298.54"
"Google","CP-COMPUTEENGINE-VMIMAGE-N1-STANDARD-2-PREEMPTIBLE","2","7","-1","1500","-1","http://dbpedia.org/page/Linux","","","All prices are given for the <b>Europe</b> continent.","351.09000000000003"
"Google","CP-COMPUTEENGINE-VMIMAGE-N1-STANDARD-2-PREEMPTIBLE","2","7","-1","1500","-1","http://dbpedia.org/page/Microsoft_Windows","","","All prices are given for the <b>Europe</b> continent.","380.29"
"Google","CP-COMPUTEENGINE-VMIMAGE-N1-HIGHCPU-16","16","14","-1","0","-1","http://dbpedia.org/page/Linux","","","All prices are given for the <b>Europe</b> continent.","490.56"
"Google","CP-COMPUTEENGINE-VMIMAGE-N1-HIGHCPU-16","16","14","-1","0","-1","http://dbpedia.org/page/Microsoft_Windows","","","All prices are given for the <b>Europe</b> continent.","519.76"
"Google","CP-COMPUTEENGINE-VMIMAGE-N1-HIGHCPU-16","16","14","-1","375","-1","http://dbpedia.org/page/Linux","","","All prices are given for the <b>Europe</b> continent.","572.31"
"Google","CP-COMPUTEENGINE-VMIMAGE-N1-HIGHCPU-16","16","14","-1","375","-1","http://dbpedia.org/page/Microsoft_Windows","","","All prices are given for the <b>Europe</b> continent.","601.51"
"Google","CP-COMPUTEENGINE-VMIMAGE-N1-HIGHCPU-16","16","14","-1","750","-1","http://dbpedia.org/page/Linux","","","All prices are given for the <b>Europe</b> continent.","654.06"
"Google","CP-COMPUTEENGINE-VMIMAGE-N1-HIGHCPU-16","16","14","-1","750","-1","http://dbpedia.org/page/Microsoft_Windows","","","All prices are given for the <b>Europe</b> continent.","683.26"
"Google","CP-COMPUTEENGINE-VMIMAGE-N1-HIGHCPU-16","16","14","-1","1125","-1","http://dbpedia.org/page/Linux","","","All prices are given for the <b>Europe</b> continent.","735.81"
"Google","CP-COMPUTEENGINE-VMIMAGE-N1-HIGHCPU-16","16","14","-1","1125","-1","http://dbpedia.org/page/Microsoft_Windows","","","All prices are given for the <b>Europe</b> continent.","765.01"
"Google","CP-COMPUTEENGINE-VMIMAGE-N1-HIGHCPU-16","16","14","-1","1500","-1","http://dbpedia.org/page/Linux","","","All prices are given for the <b>Europe</b> continent.","817.56"
"Google","CP-COMPUTEENGINE-VMIMAGE-N1-HIGHCPU-16","16","14","-1","1500","-1","http://dbpedia.org/page/Microsoft_Windows","","","All prices are given for the <b>Europe</b> continent.","846.76"
"Google","CP-COMPUTEENGINE-VMIMAGE-N1-STANDARD-4-PREEMPTIBLE","4","15","-1","0","-1","http://dbpedia.org/page/Linux","","","All prices are given for the <b>Europe</b> continent.","48.18000000000001"
"Google","CP-COMPUTEENGINE-VMIMAGE-N1-STANDARD-4-PREEMPTIBLE","4","15","-1","0","-1","http://dbpedia.org/page/Microsoft_Windows","","","All prices are given for the <b>Europe</b> continent.","77.38000000000001"
"Google","CP-COMPUTEENGINE-VMIMAGE-N1-STANDARD-4-PREEMPTIBLE","4","15","-1","375","-1","http://dbpedia.org/page/Linux","","","All prices are given for the <b>Europe</b> continent.","129.93"
"Google","CP-COMPUTEENGINE-VMIMAGE-N1-STANDARD-4-PREEMPTIBLE","4","15","-1","375","-1","http://dbpedia.org/page/Microsoft_Windows","","","All prices are given for the <b>Europe</b> continent.","159.13"
"Google","CP-COMPUTEENGINE-VMIMAGE-N1-STANDARD-4-PREEMPTIBLE","4","15","-1","750","-1","http://dbpedia.org/page/Linux","","","All prices are given for the <b>Europe</b> continent.","211.68"
"Google","CP-COMPUTEENGINE-VMIMAGE-N1-STANDARD-4-PREEMPTIBLE","4","15","-1","750","-1","http://dbpedia.org/page/Microsoft_Windows","","","All prices are given for the <b>Europe</b> continent.","240.88"
"Google","CP-COMPUTEENGINE-VMIMAGE-N1-STANDARD-4-PREEMPTIBLE","4","15","-1","1125","-1","http://dbpedia.org/page/Linux","","","All prices are given for the <b>Europe</b> continent.","293.43"
"Google","CP-COMPUTEENGINE-VMIMAGE-N1-STANDARD-4-PREEMPTIBLE","4","15","-1","1125","-1","http://dbpedia.org/page/Microsoft_Windows","","","All prices are given for the <b>Europe</b> continent.","322.63"
"Google","CP-COMPUTEENGINE-VMIMAGE-N1-STANDARD-4-PREEMPTIBLE","4","15","-1","1500","-1","http://dbpedia.org/page/Linux","","","All prices are given for the <b>Europe</b> continent.","375.18"
"Google","CP-COMPUTEENGINE-VMIMAGE-N1-STANDARD-4-PREEMPTIBLE","4","15","-1","1500","-1","http://dbpedia.org/page/Microsoft_Windows","","","All prices are given for the <b>Europe</b> continent.","404.38"
"Google","CP-COMPUTEENGINE-VMIMAGE-N1-STANDARD-8-PREEMPTIBLE","8","30","-1","0","-1","http://dbpedia.org/page/Linux","","","All prices are given for the <b>Europe</b> continent.","96.36000000000001"
"Google","CP-COMPUTEENGINE-VMIMAGE-N1-STANDARD-8-PREEMPTIBLE","8","30","-1","0","-1","http://dbpedia.org/page/Microsoft_Windows","","","All prices are given for the <b>Europe</b> continent.","125.56000000000002"
"Google","CP-COMPUTEENGINE-VMIMAGE-N1-STANDARD-8-PREEMPTIBLE","8","30","-1","375","-1","http://dbpedia.org/page/Linux","","","All prices are given for the <b>Europe</b> continent.","178.11"
"Google","CP-COMPUTEENGINE-VMIMAGE-N1-STANDARD-8-PREEMPTIBLE","8","30","-1","375","-1","http://dbpedia.org/page/Microsoft_Windows","","","All prices are given for the <b>Europe</b> continent.","207.31"
"Google","CP-COMPUTEENGINE-VMIMAGE-N1-STANDARD-8-PREEMPTIBLE","8","30","-1","750","-1","http://dbpedia.org/page/Linux","","","All prices are given for the <b>Europe</b> continent.","259.86"
"Google","CP-COMPUTEENGINE-VMIMAGE-N1-STANDARD-8-PREEMPTIBLE","8","30","-1","750","-1","http://dbpedia.org/page/Microsoft_Windows","","","All prices are given for the <b>Europe</b> continent.","289.06"
"Google","CP-COMPUTEENGINE-VMIMAGE-N1-STANDARD-8-PREEMPTIBLE","8","30","-1","1125","-1","http://dbpedia.org/page/Linux","","","All prices are given for the <b>Europe</b> continent.","341.61"
"Google","CP-COMPUTEENGINE-VMIMAGE-N1-STANDARD-8-PREEMPTIBLE","8","30","-1","1125","-1","http://dbpedia.org/page/Microsoft_Windows","","","All prices are given for the <b>Europe</b> continent.","370.81"
"Google","CP-COMPUTEENGINE-VMIMAGE-N1-STANDARD-8-PREEMPTIBLE","8","30","-1","1500","-1","http://dbpedia.org/page/Linux","","","All prices are given for the <b>Europe</b> continent.","423.36"
"Google","CP-COMPUTEENGINE-VMIMAGE-N1-STANDARD-8-PREEMPTIBLE","8","30","-1","1500","-1","http://dbpedia.org/page/Microsoft_Windows","","","All prices are given for the <b>Europe</b> continent.","452.56"
"Google","CP-COMPUTEENGINE-VMIMAGE-N1-HIGHMEM-8","8","52","-1","0","-1","http://dbpedia.org/page/Linux","","","All prices are given for the <b>Europe</b> continent.","405.88000000000005"
"Google","CP-COMPUTEENGINE-VMIMAGE-N1-HIGHMEM-8","8","52","-1","0","-1","http://dbpedia.org/page/Microsoft_Windows","","","All prices are given for the <b>Europe</b> continent.","435.08000000000004"
"Google","CP-COMPUTEENGINE-VMIMAGE-N1-HIGHMEM-8","8","52","-1","375","-1","http://dbpedia.org/page/Linux","","","All prices are given for the <b>Europe</b> continent.","487.63000000000005"
"Google","CP-COMPUTEENGINE-VMIMAGE-N1-HIGHMEM-8","8","52","-1","375","-1","http://dbpedia.org/page/Microsoft_Windows","","","All prices are given for the <b>Europe</b> continent.","516.83"
"Google","CP-COMPUTEENGINE-VMIMAGE-N1-HIGHMEM-8","8","52","-1","750","-1","http://dbpedia.org/page/Linux","","","All prices are given for the <b>Europe</b> continent.","569.3800000000001"
"Google","CP-COMPUTEENGINE-VMIMAGE-N1-HIGHMEM-8","8","52","-1","750","-1","http://dbpedia.org/page/Microsoft_Windows","","","All prices are given for the <b>Europe</b> continent.","598.5800000000002"
"Google","CP-COMPUTEENGINE-VMIMAGE-N1-HIGHMEM-8","8","52","-1","1125","-1","http://dbpedia.org/page/Linux","","","All prices are given for the <b>Europe</b> continent.","651.1300000000001"
"Google","CP-COMPUTEENGINE-VMIMAGE-N1-HIGHMEM-8","8","52","-1","1125","-1","http://dbpedia.org/page/Microsoft_Windows","","","All prices are given for the <b>Europe</b> continent.","680.3300000000002"
"Google","CP-COMPUTEENGINE-VMIMAGE-N1-HIGHMEM-8","8","52","-1","1500","-1","http://dbpedia.org/page/Linux","","","All prices are given for the <b>Europe</b> continent.","732.8800000000001"
"Google","CP-COMPUTEENGINE-VMIMAGE-N1-HIGHMEM-8","8","52","-1","1500","-1","http://dbpedia.org/page/Microsoft_Windows","","","All prices are given for the <b>Europe</b> continent.","762.0800000000002"
"Google","CP-COMPUTEENGINE-VMIMAGE-N1-HIGHMEM-4","4","26","-1","0","-1","http://dbpedia.org/page/Linux","","","All prices are given for the <b>Europe</b> continent.","202.94000000000003"
"Google","CP-COMPUTEENGINE-VMIMAGE-N1-HIGHMEM-4","4","26","-1","0","-1","http://dbpedia.org/page/Microsoft_Windows","","","All prices are given for the <b>Europe</b> continent.","232.14000000000001"
"Google","CP-COMPUTEENGINE-VMIMAGE-N1-HIGHMEM-4","4","26","-1","375","-1","http://dbpedia.org/page/Linux","","","All prices are given for the <b>Europe</b> continent.","284.69000000000005"
"Google","CP-COMPUTEENGINE-VMIMAGE-N1-HIGHMEM-4","4","26","-1","375","-1","http://dbpedia.org/page/Microsoft_Windows","","","All prices are given for the <b>Europe</b> continent.","313.89000000000004"
"Google","CP-COMPUTEENGINE-VMIMAGE-N1-HIGHMEM-4","4","26","-1","750","-1","http://dbpedia.org/page/Linux","","","All prices are given for the <b>Europe</b> continent.","366.44000000000005"
"Google","CP-COMPUTEENGINE-VMIMAGE-N1-HIGHMEM-4","4","26","-1","750","-1","http://dbpedia.org/page/Microsoft_Windows","","","All prices are given for the <b>Europe</b> continent.","395.64000000000004"
"Google","CP-COMPUTEENGINE-VMIMAGE-N1-HIGHMEM-4","4","26","-1","1125","-1","http://dbpedia.org/page/Linux","","","All prices are given for the <b>Europe</b> continent.","448.19000000000005"
"Google","CP-COMPUTEENGINE-VMIMAGE-N1-HIGHMEM-4","4","26","-1","1125","-1","http://dbpedia.org/page/Microsoft_Windows","","","All prices are given for the <b>Europe</b> continent.","477.39000000000004"
"Google","CP-COMPUTEENGINE-VMIMAGE-N1-HIGHMEM-4","4","26","-1","1500","-1","http://dbpedia.org/page/Linux","","","All prices are given for the <b>Europe</b> continent.","529.94"
"Google","CP-COMPUTEENGINE-VMIMAGE-N1-HIGHMEM-4","4","26","-1","1500","-1","http://dbpedia.org/page/Microsoft_Windows","","","All prices are given for the <b>Europe</b> continent.","559.1400000000001"
"Google","CP-COMPUTEENGINE-VMIMAGE-N1-HIGHMEM-2","2","13","-1","0","-1","http://dbpedia.org/page/Linux","","","All prices are given for the <b>Europe</b> continent.","101.47000000000001"
"Google","CP-COMPUTEENGINE-VMIMAGE-N1-HIGHMEM-2","2","13","-1","0","-1","http://dbpedia.org/page/Microsoft_Windows","","","All prices are given for the <b>Europe</b> continent.","130.67000000000002"
"Google","CP-COMPUTEENGINE-VMIMAGE-N1-HIGHMEM-2","2","13","-1","375","-1","http://dbpedia.org/page/Linux","","","All prices are given for the <b>Europe</b> continent.","183.22000000000003"
"Google","CP-COMPUTEENGINE-VMIMAGE-N1-HIGHMEM-2","2","13","-1","375","-1","http://dbpedia.org/page/Microsoft_Windows","","","All prices are given for the <b>Europe</b> continent.","212.42000000000002"
"Google","CP-COMPUTEENGINE-VMIMAGE-N1-HIGHMEM-2","2","13","-1","750","-1","http://dbpedia.org/page/Linux","","","All prices are given for the <b>Europe</b> continent.","264.97"
"Google","CP-COMPUTEENGINE-VMIMAGE-N1-HIGHMEM-2","2","13","-1","750","-1","http://dbpedia.org/page/Microsoft_Windows","","","All prices are given for the <b>Europe</b> continent.","294.17"
"Google","CP-COMPUTEENGINE-VMIMAGE-N1-HIGHMEM-2","2","13","-1","1125","-1","http://dbpedia.org/page/Linux","","","All prices are given for the <b>Europe</b> continent.","346.72"
"Google","CP-COMPUTEENGINE-VMIMAGE-N1-HIGHMEM-2","2","13","-1","1125","-1","http://dbpedia.org/page/Microsoft_Windows","","","All prices are given for the <b>Europe</b> continent.","375.92"
"Google","CP-COMPUTEENGINE-VMIMAGE-N1-HIGHMEM-2","2","13","-1","1500","-1","http://dbpedia.org/page/Linux","","","All prices are given for the <b>Europe</b> continent.","428.47"
"Google","CP-COMPUTEENGINE-VMIMAGE-N1-HIGHMEM-2","2","13","-1","1500","-1","http://dbpedia.org/page/Microsoft_Windows","","","All prices are given for the <b>Europe</b> continent.","457.67"
