"SecureRack","","2.0","2.0","-1.0","50.0","-1.0","","","","Free DNS Management <br />","5.0"
"SecureRack","","2.0","2.0","-1.0","50.0","-1.0","","","","Free DNS Management <br />","10.625"
"SecureRack","","2.0","2.0","-1.0","50.0","-1.0","","","","Free DNS Management <br />","16.25"
"SecureRack","","2.0","2.0","-1.0","50.0","-1.0","","","","Free DNS Management <br />","21.875"
"SecureRack","","2.0","2.0","-1.0","50.0","-1.0","","","","Free DNS Management <br />","27.5"
"SecureRack","","2.0","2.0","-1.0","412.5","-1.0","","","","Free DNS Management <br />","110.12499999999999"
"SecureRack","","2.0","2.0","-1.0","412.5","-1.0","","","","Free DNS Management <br />","115.74999999999999"
"SecureRack","","2.0","2.0","-1.0","412.5","-1.0","","","","Free DNS Management <br />","121.37499999999999"
"SecureRack","","2.0","2.0","-1.0","412.5","-1.0","","","","Free DNS Management <br />","126.99999999999999"
"SecureRack","","2.0","2.0","-1.0","412.5","-1.0","","","","Free DNS Management <br />","132.625"
"SecureRack","","2.0","2.0","-1.0","775.0","-1.0","","","","Free DNS Management <br />","215.24999999999997"
"SecureRack","","2.0","2.0","-1.0","775.0","-1.0","","","","Free DNS Management <br />","220.87499999999997"
"SecureRack","","2.0","2.0","-1.0","775.0","-1.0","","","","Free DNS Management <br />","226.49999999999997"
"SecureRack","","2.0","2.0","-1.0","775.0","-1.0","","","","Free DNS Management <br />","232.12499999999997"
"SecureRack","","2.0","2.0","-1.0","775.0","-1.0","","","","Free DNS Management <br />","237.74999999999997"
"SecureRack","","2.0","2.0","-1.0","1137.5","-1.0","","","","Free DNS Management <br />","320.375"
"SecureRack","","2.0","2.0","-1.0","1137.5","-1.0","","","","Free DNS Management <br />","326.0"
"SecureRack","","2.0","2.0","-1.0","1137.5","-1.0","","","","Free DNS Management <br />","331.625"
"SecureRack","","2.0","2.0","-1.0","1137.5","-1.0","","","","Free DNS Management <br />","337.25"
"SecureRack","","2.0","2.0","-1.0","1137.5","-1.0","","","","Free DNS Management <br />","342.875"
"SecureRack","","2.0","2.0","-1.0","1500.0","-1.0","","","","Free DNS Management <br />","425.49999999999994"
"SecureRack","","2.0","2.0","-1.0","1500.0","-1.0","","","","Free DNS Management <br />","431.12499999999994"
"SecureRack","","2.0","2.0","-1.0","1500.0","-1.0","","","","Free DNS Management <br />","436.74999999999994"
"SecureRack","","2.0","2.0","-1.0","1500.0","-1.0","","","","Free DNS Management <br />","442.37499999999994"
"SecureRack","","2.0","2.0","-1.0","1500.0","-1.0","","","","Free DNS Management <br />","447.99999999999994"
"SecureRack","","2.0","20.75","-1.0","50.0","-1.0","","","","Free DNS Management <br />","192.5"
"SecureRack","","2.0","20.75","-1.0","50.0","-1.0","","","","Free DNS Management <br />","198.125"
"SecureRack","","2.0","20.75","-1.0","50.0","-1.0","","","","Free DNS Management <br />","203.75"
"SecureRack","","2.0","20.75","-1.0","50.0","-1.0","","","","Free DNS Management <br />","209.375"
"SecureRack","","2.0","20.75","-1.0","50.0","-1.0","","","","Free DNS Management <br />","215.0"
"SecureRack","","2.0","20.75","-1.0","412.5","-1.0","","","","Free DNS Management <br />","297.625"
"SecureRack","","2.0","20.75","-1.0","412.5","-1.0","","","","Free DNS Management <br />","303.25"
"SecureRack","","2.0","20.75","-1.0","412.5","-1.0","","","","Free DNS Management <br />","308.875"
"SecureRack","","2.0","20.75","-1.0","412.5","-1.0","","","","Free DNS Management <br />","314.5"
"SecureRack","","2.0","20.75","-1.0","412.5","-1.0","","","","Free DNS Management <br />","320.125"
"SecureRack","","2.0","20.75","-1.0","775.0","-1.0","","","","Free DNS Management <br />","402.75"
"SecureRack","","2.0","20.75","-1.0","775.0","-1.0","","","","Free DNS Management <br />","408.375"
"SecureRack","","2.0","20.75","-1.0","775.0","-1.0","","","","Free DNS Management <br />","414.0"
"SecureRack","","2.0","20.75","-1.0","775.0","-1.0","","","","Free DNS Management <br />","419.625"
"SecureRack","","2.0","20.75","-1.0","775.0","-1.0","","","","Free DNS Management <br />","425.25"
"SecureRack","","2.0","20.75","-1.0","1137.5","-1.0","","","","Free DNS Management <br />","507.875"
"SecureRack","","2.0","20.75","-1.0","1137.5","-1.0","","","","Free DNS Management <br />","513.5"
"SecureRack","","2.0","20.75","-1.0","1137.5","-1.0","","","","Free DNS Management <br />","519.125"
"SecureRack","","2.0","20.75","-1.0","1137.5","-1.0","","","","Free DNS Management <br />","524.75"
"SecureRack","","2.0","20.75","-1.0","1137.5","-1.0","","","","Free DNS Management <br />","530.375"
"SecureRack","","2.0","20.75","-1.0","1500.0","-1.0","","","","Free DNS Management <br />","613.0"
"SecureRack","","2.0","20.75","-1.0","1500.0","-1.0","","","","Free DNS Management <br />","618.625"
"SecureRack","","2.0","20.75","-1.0","1500.0","-1.0","","","","Free DNS Management <br />","624.25"
"SecureRack","","2.0","20.75","-1.0","1500.0","-1.0","","","","Free DNS Management <br />","629.875"
"SecureRack","","2.0","20.75","-1.0","1500.0","-1.0","","","","Free DNS Management <br />","635.5"
"SecureRack","","2.0","39.5","-1.0","50.0","-1.0","","","","Free DNS Management <br />","380.0"
"SecureRack","","2.0","39.5","-1.0","50.0","-1.0","","","","Free DNS Management <br />","385.625"
"SecureRack","","2.0","39.5","-1.0","50.0","-1.0","","","","Free DNS Management <br />","391.25"
"SecureRack","","2.0","39.5","-1.0","50.0","-1.0","","","","Free DNS Management <br />","396.875"
"SecureRack","","2.0","39.5","-1.0","50.0","-1.0","","","","Free DNS Management <br />","402.5"
"SecureRack","","2.0","39.5","-1.0","412.5","-1.0","","","","Free DNS Management <br />","485.125"
"SecureRack","","2.0","39.5","-1.0","412.5","-1.0","","","","Free DNS Management <br />","490.75"
"SecureRack","","2.0","39.5","-1.0","412.5","-1.0","","","","Free DNS Management <br />","496.375"
"SecureRack","","2.0","39.5","-1.0","412.5","-1.0","","","","Free DNS Management <br />","502.0"
"SecureRack","","2.0","39.5","-1.0","412.5","-1.0","","","","Free DNS Management <br />","507.625"
"SecureRack","","2.0","39.5","-1.0","775.0","-1.0","","","","Free DNS Management <br />","590.25"
"SecureRack","","2.0","39.5","-1.0","775.0","-1.0","","","","Free DNS Management <br />","595.875"
"SecureRack","","2.0","39.5","-1.0","775.0","-1.0","","","","Free DNS Management <br />","601.5"
"SecureRack","","2.0","39.5","-1.0","775.0","-1.0","","","","Free DNS Management <br />","607.125"
"SecureRack","","2.0","39.5","-1.0","775.0","-1.0","","","","Free DNS Management <br />","612.75"
"SecureRack","","2.0","39.5","-1.0","1137.5","-1.0","","","","Free DNS Management <br />","695.375"
"SecureRack","","2.0","39.5","-1.0","1137.5","-1.0","","","","Free DNS Management <br />","701.0"
"SecureRack","","2.0","39.5","-1.0","1137.5","-1.0","","","","Free DNS Management <br />","706.625"
"SecureRack","","2.0","39.5","-1.0","1137.5","-1.0","","","","Free DNS Management <br />","712.25"
"SecureRack","","2.0","39.5","-1.0","1137.5","-1.0","","","","Free DNS Management <br />","717.875"
"SecureRack","","2.0","39.5","-1.0","1500.0","-1.0","","","","Free DNS Management <br />","800.5"
"SecureRack","","2.0","39.5","-1.0","1500.0","-1.0","","","","Free DNS Management <br />","806.125"
"SecureRack","","2.0","39.5","-1.0","1500.0","-1.0","","","","Free DNS Management <br />","811.75"
"SecureRack","","2.0","39.5","-1.0","1500.0","-1.0","","","","Free DNS Management <br />","817.375"
"SecureRack","","2.0","39.5","-1.0","1500.0","-1.0","","","","Free DNS Management <br />","823.0"
"SecureRack","","2.0","58.25","-1.0","50.0","-1.0","","","","Free DNS Management <br />","567.5"
"SecureRack","","2.0","58.25","-1.0","50.0","-1.0","","","","Free DNS Management <br />","573.125"
"SecureRack","","2.0","58.25","-1.0","50.0","-1.0","","","","Free DNS Management <br />","578.75"
"SecureRack","","2.0","58.25","-1.0","50.0","-1.0","","","","Free DNS Management <br />","584.375"
"SecureRack","","2.0","58.25","-1.0","50.0","-1.0","","","","Free DNS Management <br />","590.0"
"SecureRack","","2.0","58.25","-1.0","412.5","-1.0","","","","Free DNS Management <br />","672.625"
"SecureRack","","2.0","58.25","-1.0","412.5","-1.0","","","","Free DNS Management <br />","678.25"
"SecureRack","","2.0","58.25","-1.0","412.5","-1.0","","","","Free DNS Management <br />","683.875"
"SecureRack","","2.0","58.25","-1.0","412.5","-1.0","","","","Free DNS Management <br />","689.5"
"SecureRack","","2.0","58.25","-1.0","412.5","-1.0","","","","Free DNS Management <br />","695.125"
"SecureRack","","2.0","58.25","-1.0","775.0","-1.0","","","","Free DNS Management <br />","777.75"
"SecureRack","","2.0","58.25","-1.0","775.0","-1.0","","","","Free DNS Management <br />","783.375"
"SecureRack","","2.0","58.25","-1.0","775.0","-1.0","","","","Free DNS Management <br />","789.0"
"SecureRack","","2.0","58.25","-1.0","775.0","-1.0","","","","Free DNS Management <br />","794.625"
"SecureRack","","2.0","58.25","-1.0","775.0","-1.0","","","","Free DNS Management <br />","800.25"
"SecureRack","","2.0","58.25","-1.0","1137.5","-1.0","","","","Free DNS Management <br />","882.875"
"SecureRack","","2.0","58.25","-1.0","1137.5","-1.0","","","","Free DNS Management <br />","888.5"
"SecureRack","","2.0","58.25","-1.0","1137.5","-1.0","","","","Free DNS Management <br />","894.125"
"SecureRack","","2.0","58.25","-1.0","1137.5","-1.0","","","","Free DNS Management <br />","899.75"
"SecureRack","","2.0","58.25","-1.0","1137.5","-1.0","","","","Free DNS Management <br />","905.375"
"SecureRack","","2.0","58.25","-1.0","1500.0","-1.0","","","","Free DNS Management <br />","988.0"
"SecureRack","","2.0","58.25","-1.0","1500.0","-1.0","","","","Free DNS Management <br />","993.625"
"SecureRack","","2.0","58.25","-1.0","1500.0","-1.0","","","","Free DNS Management <br />","999.25"
"SecureRack","","2.0","58.25","-1.0","1500.0","-1.0","","","","Free DNS Management <br />","1004.875"
"SecureRack","","2.0","58.25","-1.0","1500.0","-1.0","","","","Free DNS Management <br />","1010.5"
"SecureRack","","2.0","77.0","-1.0","50.0","-1.0","","","","Free DNS Management <br />","755.0"
"SecureRack","","2.0","77.0","-1.0","50.0","-1.0","","","","Free DNS Management <br />","760.625"
"SecureRack","","2.0","77.0","-1.0","50.0","-1.0","","","","Free DNS Management <br />","766.25"
"SecureRack","","2.0","77.0","-1.0","50.0","-1.0","","","","Free DNS Management <br />","771.875"
"SecureRack","","2.0","77.0","-1.0","50.0","-1.0","","","","Free DNS Management <br />","777.5"
"SecureRack","","2.0","77.0","-1.0","412.5","-1.0","","","","Free DNS Management <br />","860.125"
"SecureRack","","2.0","77.0","-1.0","412.5","-1.0","","","","Free DNS Management <br />","865.75"
"SecureRack","","2.0","77.0","-1.0","412.5","-1.0","","","","Free DNS Management <br />","871.375"
"SecureRack","","2.0","77.0","-1.0","412.5","-1.0","","","","Free DNS Management <br />","877.0"
"SecureRack","","2.0","77.0","-1.0","412.5","-1.0","","","","Free DNS Management <br />","882.625"
"SecureRack","","2.0","77.0","-1.0","775.0","-1.0","","","","Free DNS Management <br />","965.25"
"SecureRack","","2.0","77.0","-1.0","775.0","-1.0","","","","Free DNS Management <br />","970.875"
"SecureRack","","2.0","77.0","-1.0","775.0","-1.0","","","","Free DNS Management <br />","976.5"
"SecureRack","","2.0","77.0","-1.0","775.0","-1.0","","","","Free DNS Management <br />","982.125"
"SecureRack","","2.0","77.0","-1.0","775.0","-1.0","","","","Free DNS Management <br />","987.75"
"SecureRack","","2.0","77.0","-1.0","1137.5","-1.0","","","","Free DNS Management <br />","1070.375"
"SecureRack","","2.0","77.0","-1.0","1137.5","-1.0","","","","Free DNS Management <br />","1076.0"
"SecureRack","","2.0","77.0","-1.0","1137.5","-1.0","","","","Free DNS Management <br />","1081.625"
"SecureRack","","2.0","77.0","-1.0","1137.5","-1.0","","","","Free DNS Management <br />","1087.25"
"SecureRack","","2.0","77.0","-1.0","1137.5","-1.0","","","","Free DNS Management <br />","1092.875"
"SecureRack","","2.0","77.0","-1.0","1500.0","-1.0","","","","Free DNS Management <br />","1175.5"
"SecureRack","","2.0","77.0","-1.0","1500.0","-1.0","","","","Free DNS Management <br />","1181.125"
"SecureRack","","2.0","77.0","-1.0","1500.0","-1.0","","","","Free DNS Management <br />","1186.75"
"SecureRack","","2.0","77.0","-1.0","1500.0","-1.0","","","","Free DNS Management <br />","1192.375"
"SecureRack","","2.0","77.0","-1.0","1500.0","-1.0","","","","Free DNS Management <br />","1198.0"
"SecureRack","","14.0","2.0","-1.0","50.0","-1.0","","","","Free DNS Management <br />","65.0"
"SecureRack","","14.0","2.0","-1.0","50.0","-1.0","","","","Free DNS Management <br />","70.625"
"SecureRack","","14.0","2.0","-1.0","50.0","-1.0","","","","Free DNS Management <br />","76.25"
"SecureRack","","14.0","2.0","-1.0","50.0","-1.0","","","","Free DNS Management <br />","81.875"
"SecureRack","","14.0","2.0","-1.0","50.0","-1.0","","","","Free DNS Management <br />","87.5"
"SecureRack","","14.0","2.0","-1.0","412.5","-1.0","","","","Free DNS Management <br />","170.125"
"SecureRack","","14.0","2.0","-1.0","412.5","-1.0","","","","Free DNS Management <br />","175.75"
"SecureRack","","14.0","2.0","-1.0","412.5","-1.0","","","","Free DNS Management <br />","181.375"
"SecureRack","","14.0","2.0","-1.0","412.5","-1.0","","","","Free DNS Management <br />","187.0"
"SecureRack","","14.0","2.0","-1.0","412.5","-1.0","","","","Free DNS Management <br />","192.625"
"SecureRack","","14.0","2.0","-1.0","775.0","-1.0","","","","Free DNS Management <br />","275.25"
"SecureRack","","14.0","2.0","-1.0","775.0","-1.0","","","","Free DNS Management <br />","280.875"
"SecureRack","","14.0","2.0","-1.0","775.0","-1.0","","","","Free DNS Management <br />","286.5"
"SecureRack","","14.0","2.0","-1.0","775.0","-1.0","","","","Free DNS Management <br />","292.125"
"SecureRack","","14.0","2.0","-1.0","775.0","-1.0","","","","Free DNS Management <br />","297.75"
"SecureRack","","14.0","2.0","-1.0","1137.5","-1.0","","","","Free DNS Management <br />","380.375"
"SecureRack","","14.0","2.0","-1.0","1137.5","-1.0","","","","Free DNS Management <br />","386.0"
"SecureRack","","14.0","2.0","-1.0","1137.5","-1.0","","","","Free DNS Management <br />","391.625"
"SecureRack","","14.0","2.0","-1.0","1137.5","-1.0","","","","Free DNS Management <br />","397.25"
"SecureRack","","14.0","2.0","-1.0","1137.5","-1.0","","","","Free DNS Management <br />","402.875"
"SecureRack","","14.0","2.0","-1.0","1500.0","-1.0","","","","Free DNS Management <br />","485.49999999999994"
"SecureRack","","14.0","2.0","-1.0","1500.0","-1.0","","","","Free DNS Management <br />","491.12499999999994"
"SecureRack","","14.0","2.0","-1.0","1500.0","-1.0","","","","Free DNS Management <br />","496.74999999999994"
"SecureRack","","14.0","2.0","-1.0","1500.0","-1.0","","","","Free DNS Management <br />","502.37499999999994"
"SecureRack","","14.0","2.0","-1.0","1500.0","-1.0","","","","Free DNS Management <br />","507.99999999999994"
"SecureRack","","14.0","20.75","-1.0","50.0","-1.0","","","","Free DNS Management <br />","252.5"
"SecureRack","","14.0","20.75","-1.0","50.0","-1.0","","","","Free DNS Management <br />","258.125"
"SecureRack","","14.0","20.75","-1.0","50.0","-1.0","","","","Free DNS Management <br />","263.75"
"SecureRack","","14.0","20.75","-1.0","50.0","-1.0","","","","Free DNS Management <br />","269.375"
"SecureRack","","14.0","20.75","-1.0","50.0","-1.0","","","","Free DNS Management <br />","275.0"
"SecureRack","","14.0","20.75","-1.0","412.5","-1.0","","","","Free DNS Management <br />","357.625"
"SecureRack","","14.0","20.75","-1.0","412.5","-1.0","","","","Free DNS Management <br />","363.25"
"SecureRack","","14.0","20.75","-1.0","412.5","-1.0","","","","Free DNS Management <br />","368.875"
"SecureRack","","14.0","20.75","-1.0","412.5","-1.0","","","","Free DNS Management <br />","374.5"
"SecureRack","","14.0","20.75","-1.0","412.5","-1.0","","","","Free DNS Management <br />","380.125"
"SecureRack","","14.0","20.75","-1.0","775.0","-1.0","","","","Free DNS Management <br />","462.75"
"SecureRack","","14.0","20.75","-1.0","775.0","-1.0","","","","Free DNS Management <br />","468.375"
"SecureRack","","14.0","20.75","-1.0","775.0","-1.0","","","","Free DNS Management <br />","474.0"
"SecureRack","","14.0","20.75","-1.0","775.0","-1.0","","","","Free DNS Management <br />","479.625"
"SecureRack","","14.0","20.75","-1.0","775.0","-1.0","","","","Free DNS Management <br />","485.25"
"SecureRack","","14.0","20.75","-1.0","1137.5","-1.0","","","","Free DNS Management <br />","567.875"
"SecureRack","","14.0","20.75","-1.0","1137.5","-1.0","","","","Free DNS Management <br />","573.5"
"SecureRack","","14.0","20.75","-1.0","1137.5","-1.0","","","","Free DNS Management <br />","579.125"
"SecureRack","","14.0","20.75","-1.0","1137.5","-1.0","","","","Free DNS Management <br />","584.75"
"SecureRack","","14.0","20.75","-1.0","1137.5","-1.0","","","","Free DNS Management <br />","590.375"
"SecureRack","","14.0","20.75","-1.0","1500.0","-1.0","","","","Free DNS Management <br />","673.0"
"SecureRack","","14.0","20.75","-1.0","1500.0","-1.0","","","","Free DNS Management <br />","678.625"
"SecureRack","","14.0","20.75","-1.0","1500.0","-1.0","","","","Free DNS Management <br />","684.25"
"SecureRack","","14.0","20.75","-1.0","1500.0","-1.0","","","","Free DNS Management <br />","689.875"
"SecureRack","","14.0","20.75","-1.0","1500.0","-1.0","","","","Free DNS Management <br />","695.5"
"SecureRack","","14.0","39.5","-1.0","50.0","-1.0","","","","Free DNS Management <br />","440.0"
"SecureRack","","14.0","39.5","-1.0","50.0","-1.0","","","","Free DNS Management <br />","445.625"
"SecureRack","","14.0","39.5","-1.0","50.0","-1.0","","","","Free DNS Management <br />","451.25"
"SecureRack","","14.0","39.5","-1.0","50.0","-1.0","","","","Free DNS Management <br />","456.875"
"SecureRack","","14.0","39.5","-1.0","50.0","-1.0","","","","Free DNS Management <br />","462.5"
"SecureRack","","14.0","39.5","-1.0","412.5","-1.0","","","","Free DNS Management <br />","545.125"
"SecureRack","","14.0","39.5","-1.0","412.5","-1.0","","","","Free DNS Management <br />","550.75"
"SecureRack","","14.0","39.5","-1.0","412.5","-1.0","","","","Free DNS Management <br />","556.375"
"SecureRack","","14.0","39.5","-1.0","412.5","-1.0","","","","Free DNS Management <br />","562.0"
"SecureRack","","14.0","39.5","-1.0","412.5","-1.0","","","","Free DNS Management <br />","567.625"
"SecureRack","","14.0","39.5","-1.0","775.0","-1.0","","","","Free DNS Management <br />","650.25"
"SecureRack","","14.0","39.5","-1.0","775.0","-1.0","","","","Free DNS Management <br />","655.875"
"SecureRack","","14.0","39.5","-1.0","775.0","-1.0","","","","Free DNS Management <br />","661.5"
"SecureRack","","14.0","39.5","-1.0","775.0","-1.0","","","","Free DNS Management <br />","667.125"
"SecureRack","","14.0","39.5","-1.0","775.0","-1.0","","","","Free DNS Management <br />","672.75"
"SecureRack","","14.0","39.5","-1.0","1137.5","-1.0","","","","Free DNS Management <br />","755.375"
"SecureRack","","14.0","39.5","-1.0","1137.5","-1.0","","","","Free DNS Management <br />","761.0"
"SecureRack","","14.0","39.5","-1.0","1137.5","-1.0","","","","Free DNS Management <br />","766.625"
"SecureRack","","14.0","39.5","-1.0","1137.5","-1.0","","","","Free DNS Management <br />","772.25"
"SecureRack","","14.0","39.5","-1.0","1137.5","-1.0","","","","Free DNS Management <br />","777.875"
"SecureRack","","14.0","39.5","-1.0","1500.0","-1.0","","","","Free DNS Management <br />","860.5"
"SecureRack","","14.0","39.5","-1.0","1500.0","-1.0","","","","Free DNS Management <br />","866.125"
"SecureRack","","14.0","39.5","-1.0","1500.0","-1.0","","","","Free DNS Management <br />","871.75"
"SecureRack","","14.0","39.5","-1.0","1500.0","-1.0","","","","Free DNS Management <br />","877.375"
"SecureRack","","14.0","39.5","-1.0","1500.0","-1.0","","","","Free DNS Management <br />","883.0"
"SecureRack","","14.0","58.25","-1.0","50.0","-1.0","","","","Free DNS Management <br />","627.5"
"SecureRack","","14.0","58.25","-1.0","50.0","-1.0","","","","Free DNS Management <br />","633.125"
"SecureRack","","14.0","58.25","-1.0","50.0","-1.0","","","","Free DNS Management <br />","638.75"
"SecureRack","","14.0","58.25","-1.0","50.0","-1.0","","","","Free DNS Management <br />","644.375"
"SecureRack","","14.0","58.25","-1.0","50.0","-1.0","","","","Free DNS Management <br />","650.0"
"SecureRack","","14.0","58.25","-1.0","412.5","-1.0","","","","Free DNS Management <br />","732.625"
"SecureRack","","14.0","58.25","-1.0","412.5","-1.0","","","","Free DNS Management <br />","738.25"
"SecureRack","","14.0","58.25","-1.0","412.5","-1.0","","","","Free DNS Management <br />","743.875"
"SecureRack","","14.0","58.25","-1.0","412.5","-1.0","","","","Free DNS Management <br />","749.5"
"SecureRack","","14.0","58.25","-1.0","412.5","-1.0","","","","Free DNS Management <br />","755.125"
"SecureRack","","14.0","58.25","-1.0","775.0","-1.0","","","","Free DNS Management <br />","837.75"
"SecureRack","","14.0","58.25","-1.0","775.0","-1.0","","","","Free DNS Management <br />","843.375"
"SecureRack","","14.0","58.25","-1.0","775.0","-1.0","","","","Free DNS Management <br />","849.0"
"SecureRack","","14.0","58.25","-1.0","775.0","-1.0","","","","Free DNS Management <br />","854.625"
"SecureRack","","14.0","58.25","-1.0","775.0","-1.0","","","","Free DNS Management <br />","860.25"
"SecureRack","","14.0","58.25","-1.0","1137.5","-1.0","","","","Free DNS Management <br />","942.875"
"SecureRack","","14.0","58.25","-1.0","1137.5","-1.0","","","","Free DNS Management <br />","948.5"
"SecureRack","","14.0","58.25","-1.0","1137.5","-1.0","","","","Free DNS Management <br />","954.125"
"SecureRack","","14.0","58.25","-1.0","1137.5","-1.0","","","","Free DNS Management <br />","959.75"
"SecureRack","","14.0","58.25","-1.0","1137.5","-1.0","","","","Free DNS Management <br />","965.375"
"SecureRack","","14.0","58.25","-1.0","1500.0","-1.0","","","","Free DNS Management <br />","1048.0"
"SecureRack","","14.0","58.25","-1.0","1500.0","-1.0","","","","Free DNS Management <br />","1053.625"
"SecureRack","","14.0","58.25","-1.0","1500.0","-1.0","","","","Free DNS Management <br />","1059.25"
"SecureRack","","14.0","58.25","-1.0","1500.0","-1.0","","","","Free DNS Management <br />","1064.875"
"SecureRack","","14.0","58.25","-1.0","1500.0","-1.0","","","","Free DNS Management <br />","1070.5"
"SecureRack","","14.0","77.0","-1.0","50.0","-1.0","","","","Free DNS Management <br />","815.0"
"SecureRack","","14.0","77.0","-1.0","50.0","-1.0","","","","Free DNS Management <br />","820.625"
"SecureRack","","14.0","77.0","-1.0","50.0","-1.0","","","","Free DNS Management <br />","826.25"
"SecureRack","","14.0","77.0","-1.0","50.0","-1.0","","","","Free DNS Management <br />","831.875"
"SecureRack","","14.0","77.0","-1.0","50.0","-1.0","","","","Free DNS Management <br />","837.5"
"SecureRack","","14.0","77.0","-1.0","412.5","-1.0","","","","Free DNS Management <br />","920.125"
"SecureRack","","14.0","77.0","-1.0","412.5","-1.0","","","","Free DNS Management <br />","925.75"
"SecureRack","","14.0","77.0","-1.0","412.5","-1.0","","","","Free DNS Management <br />","931.375"
"SecureRack","","14.0","77.0","-1.0","412.5","-1.0","","","","Free DNS Management <br />","937.0"
"SecureRack","","14.0","77.0","-1.0","412.5","-1.0","","","","Free DNS Management <br />","942.625"
"SecureRack","","14.0","77.0","-1.0","775.0","-1.0","","","","Free DNS Management <br />","1025.25"
"SecureRack","","14.0","77.0","-1.0","775.0","-1.0","","","","Free DNS Management <br />","1030.875"
"SecureRack","","14.0","77.0","-1.0","775.0","-1.0","","","","Free DNS Management <br />","1036.5"
"SecureRack","","14.0","77.0","-1.0","775.0","-1.0","","","","Free DNS Management <br />","1042.125"
"SecureRack","","14.0","77.0","-1.0","775.0","-1.0","","","","Free DNS Management <br />","1047.75"
"SecureRack","","14.0","77.0","-1.0","1137.5","-1.0","","","","Free DNS Management <br />","1130.375"
"SecureRack","","14.0","77.0","-1.0","1137.5","-1.0","","","","Free DNS Management <br />","1136.0"
"SecureRack","","14.0","77.0","-1.0","1137.5","-1.0","","","","Free DNS Management <br />","1141.625"
"SecureRack","","14.0","77.0","-1.0","1137.5","-1.0","","","","Free DNS Management <br />","1147.25"
"SecureRack","","14.0","77.0","-1.0","1137.5","-1.0","","","","Free DNS Management <br />","1152.875"
"SecureRack","","14.0","77.0","-1.0","1500.0","-1.0","","","","Free DNS Management <br />","1235.5"
"SecureRack","","14.0","77.0","-1.0","1500.0","-1.0","","","","Free DNS Management <br />","1241.125"
"SecureRack","","14.0","77.0","-1.0","1500.0","-1.0","","","","Free DNS Management <br />","1246.75"
"SecureRack","","14.0","77.0","-1.0","1500.0","-1.0","","","","Free DNS Management <br />","1252.375"
"SecureRack","","14.0","77.0","-1.0","1500.0","-1.0","","","","Free DNS Management <br />","1258.0"
"SecureRack","","26.0","2.0","-1.0","50.0","-1.0","","","","Free DNS Management <br />","125.0"
"SecureRack","","26.0","2.0","-1.0","50.0","-1.0","","","","Free DNS Management <br />","130.625"
"SecureRack","","26.0","2.0","-1.0","50.0","-1.0","","","","Free DNS Management <br />","136.25"
"SecureRack","","26.0","2.0","-1.0","50.0","-1.0","","","","Free DNS Management <br />","141.875"
"SecureRack","","26.0","2.0","-1.0","50.0","-1.0","","","","Free DNS Management <br />","147.5"
"SecureRack","","26.0","2.0","-1.0","412.5","-1.0","","","","Free DNS Management <br />","230.125"
"SecureRack","","26.0","2.0","-1.0","412.5","-1.0","","","","Free DNS Management <br />","235.75"
"SecureRack","","26.0","2.0","-1.0","412.5","-1.0","","","","Free DNS Management <br />","241.375"
"SecureRack","","26.0","2.0","-1.0","412.5","-1.0","","","","Free DNS Management <br />","247.0"
"SecureRack","","26.0","2.0","-1.0","412.5","-1.0","","","","Free DNS Management <br />","252.625"
"SecureRack","","26.0","2.0","-1.0","775.0","-1.0","","","","Free DNS Management <br />","335.25"
"SecureRack","","26.0","2.0","-1.0","775.0","-1.0","","","","Free DNS Management <br />","340.875"
"SecureRack","","26.0","2.0","-1.0","775.0","-1.0","","","","Free DNS Management <br />","346.5"
"SecureRack","","26.0","2.0","-1.0","775.0","-1.0","","","","Free DNS Management <br />","352.125"
"SecureRack","","26.0","2.0","-1.0","775.0","-1.0","","","","Free DNS Management <br />","357.75"
"SecureRack","","26.0","2.0","-1.0","1137.5","-1.0","","","","Free DNS Management <br />","440.375"
"SecureRack","","26.0","2.0","-1.0","1137.5","-1.0","","","","Free DNS Management <br />","446.0"
"SecureRack","","26.0","2.0","-1.0","1137.5","-1.0","","","","Free DNS Management <br />","451.625"
"SecureRack","","26.0","2.0","-1.0","1137.5","-1.0","","","","Free DNS Management <br />","457.25"
"SecureRack","","26.0","2.0","-1.0","1137.5","-1.0","","","","Free DNS Management <br />","462.875"
"SecureRack","","26.0","2.0","-1.0","1500.0","-1.0","","","","Free DNS Management <br />","545.5"
"SecureRack","","26.0","2.0","-1.0","1500.0","-1.0","","","","Free DNS Management <br />","551.125"
"SecureRack","","26.0","2.0","-1.0","1500.0","-1.0","","","","Free DNS Management <br />","556.75"
"SecureRack","","26.0","2.0","-1.0","1500.0","-1.0","","","","Free DNS Management <br />","562.375"
"SecureRack","","26.0","2.0","-1.0","1500.0","-1.0","","","","Free DNS Management <br />","568.0"
"SecureRack","","26.0","20.75","-1.0","50.0","-1.0","","","","Free DNS Management <br />","312.5"
"SecureRack","","26.0","20.75","-1.0","50.0","-1.0","","","","Free DNS Management <br />","318.125"
"SecureRack","","26.0","20.75","-1.0","50.0","-1.0","","","","Free DNS Management <br />","323.75"
"SecureRack","","26.0","20.75","-1.0","50.0","-1.0","","","","Free DNS Management <br />","329.375"
"SecureRack","","26.0","20.75","-1.0","50.0","-1.0","","","","Free DNS Management <br />","335.0"
"SecureRack","","26.0","20.75","-1.0","412.5","-1.0","","","","Free DNS Management <br />","417.625"
"SecureRack","","26.0","20.75","-1.0","412.5","-1.0","","","","Free DNS Management <br />","423.25"
"SecureRack","","26.0","20.75","-1.0","412.5","-1.0","","","","Free DNS Management <br />","428.875"
"SecureRack","","26.0","20.75","-1.0","412.5","-1.0","","","","Free DNS Management <br />","434.5"
"SecureRack","","26.0","20.75","-1.0","412.5","-1.0","","","","Free DNS Management <br />","440.125"
"SecureRack","","26.0","20.75","-1.0","775.0","-1.0","","","","Free DNS Management <br />","522.75"
"SecureRack","","26.0","20.75","-1.0","775.0","-1.0","","","","Free DNS Management <br />","528.375"
"SecureRack","","26.0","20.75","-1.0","775.0","-1.0","","","","Free DNS Management <br />","534.0"
"SecureRack","","26.0","20.75","-1.0","775.0","-1.0","","","","Free DNS Management <br />","539.625"
"SecureRack","","26.0","20.75","-1.0","775.0","-1.0","","","","Free DNS Management <br />","545.25"
"SecureRack","","26.0","20.75","-1.0","1137.5","-1.0","","","","Free DNS Management <br />","627.875"
"SecureRack","","26.0","20.75","-1.0","1137.5","-1.0","","","","Free DNS Management <br />","633.5"
"SecureRack","","26.0","20.75","-1.0","1137.5","-1.0","","","","Free DNS Management <br />","639.125"
"SecureRack","","26.0","20.75","-1.0","1137.5","-1.0","","","","Free DNS Management <br />","644.75"
"SecureRack","","26.0","20.75","-1.0","1137.5","-1.0","","","","Free DNS Management <br />","650.375"
"SecureRack","","26.0","20.75","-1.0","1500.0","-1.0","","","","Free DNS Management <br />","733.0"
"SecureRack","","26.0","20.75","-1.0","1500.0","-1.0","","","","Free DNS Management <br />","738.625"
"SecureRack","","26.0","20.75","-1.0","1500.0","-1.0","","","","Free DNS Management <br />","744.25"
"SecureRack","","26.0","20.75","-1.0","1500.0","-1.0","","","","Free DNS Management <br />","749.875"
"SecureRack","","26.0","20.75","-1.0","1500.0","-1.0","","","","Free DNS Management <br />","755.5"
"SecureRack","","26.0","39.5","-1.0","50.0","-1.0","","","","Free DNS Management <br />","500.0"
"SecureRack","","26.0","39.5","-1.0","50.0","-1.0","","","","Free DNS Management <br />","505.625"
"SecureRack","","26.0","39.5","-1.0","50.0","-1.0","","","","Free DNS Management <br />","511.25"
"SecureRack","","26.0","39.5","-1.0","50.0","-1.0","","","","Free DNS Management <br />","516.875"
"SecureRack","","26.0","39.5","-1.0","50.0","-1.0","","","","Free DNS Management <br />","522.5"
"SecureRack","","26.0","39.5","-1.0","412.5","-1.0","","","","Free DNS Management <br />","605.125"
"SecureRack","","26.0","39.5","-1.0","412.5","-1.0","","","","Free DNS Management <br />","610.75"
"SecureRack","","26.0","39.5","-1.0","412.5","-1.0","","","","Free DNS Management <br />","616.375"
"SecureRack","","26.0","39.5","-1.0","412.5","-1.0","","","","Free DNS Management <br />","622.0"
"SecureRack","","26.0","39.5","-1.0","412.5","-1.0","","","","Free DNS Management <br />","627.625"
"SecureRack","","26.0","39.5","-1.0","775.0","-1.0","","","","Free DNS Management <br />","710.25"
"SecureRack","","26.0","39.5","-1.0","775.0","-1.0","","","","Free DNS Management <br />","715.875"
"SecureRack","","26.0","39.5","-1.0","775.0","-1.0","","","","Free DNS Management <br />","721.5"
"SecureRack","","26.0","39.5","-1.0","775.0","-1.0","","","","Free DNS Management <br />","727.125"
"SecureRack","","26.0","39.5","-1.0","775.0","-1.0","","","","Free DNS Management <br />","732.75"
"SecureRack","","26.0","39.5","-1.0","1137.5","-1.0","","","","Free DNS Management <br />","815.375"
"SecureRack","","26.0","39.5","-1.0","1137.5","-1.0","","","","Free DNS Management <br />","821.0"
"SecureRack","","26.0","39.5","-1.0","1137.5","-1.0","","","","Free DNS Management <br />","826.625"
"SecureRack","","26.0","39.5","-1.0","1137.5","-1.0","","","","Free DNS Management <br />","832.25"
"SecureRack","","26.0","39.5","-1.0","1137.5","-1.0","","","","Free DNS Management <br />","837.875"
"SecureRack","","26.0","39.5","-1.0","1500.0","-1.0","","","","Free DNS Management <br />","920.5"
"SecureRack","","26.0","39.5","-1.0","1500.0","-1.0","","","","Free DNS Management <br />","926.125"
"SecureRack","","26.0","39.5","-1.0","1500.0","-1.0","","","","Free DNS Management <br />","931.75"
"SecureRack","","26.0","39.5","-1.0","1500.0","-1.0","","","","Free DNS Management <br />","937.375"
"SecureRack","","26.0","39.5","-1.0","1500.0","-1.0","","","","Free DNS Management <br />","943.0"
"SecureRack","","26.0","58.25","-1.0","50.0","-1.0","","","","Free DNS Management <br />","687.5"
"SecureRack","","26.0","58.25","-1.0","50.0","-1.0","","","","Free DNS Management <br />","693.125"
"SecureRack","","26.0","58.25","-1.0","50.0","-1.0","","","","Free DNS Management <br />","698.75"
"SecureRack","","26.0","58.25","-1.0","50.0","-1.0","","","","Free DNS Management <br />","704.375"
"SecureRack","","26.0","58.25","-1.0","50.0","-1.0","","","","Free DNS Management <br />","710.0"
"SecureRack","","26.0","58.25","-1.0","412.5","-1.0","","","","Free DNS Management <br />","792.625"
"SecureRack","","26.0","58.25","-1.0","412.5","-1.0","","","","Free DNS Management <br />","798.25"
"SecureRack","","26.0","58.25","-1.0","412.5","-1.0","","","","Free DNS Management <br />","803.875"
"SecureRack","","26.0","58.25","-1.0","412.5","-1.0","","","","Free DNS Management <br />","809.5"
"SecureRack","","26.0","58.25","-1.0","412.5","-1.0","","","","Free DNS Management <br />","815.125"
"SecureRack","","26.0","58.25","-1.0","775.0","-1.0","","","","Free DNS Management <br />","897.75"
"SecureRack","","26.0","58.25","-1.0","775.0","-1.0","","","","Free DNS Management <br />","903.375"
"SecureRack","","26.0","58.25","-1.0","775.0","-1.0","","","","Free DNS Management <br />","909.0"
"SecureRack","","26.0","58.25","-1.0","775.0","-1.0","","","","Free DNS Management <br />","914.625"
"SecureRack","","26.0","58.25","-1.0","775.0","-1.0","","","","Free DNS Management <br />","920.25"
"SecureRack","","26.0","58.25","-1.0","1137.5","-1.0","","","","Free DNS Management <br />","1002.875"
"SecureRack","","26.0","58.25","-1.0","1137.5","-1.0","","","","Free DNS Management <br />","1008.5"
"SecureRack","","26.0","58.25","-1.0","1137.5","-1.0","","","","Free DNS Management <br />","1014.125"
"SecureRack","","26.0","58.25","-1.0","1137.5","-1.0","","","","Free DNS Management <br />","1019.75"
"SecureRack","","26.0","58.25","-1.0","1137.5","-1.0","","","","Free DNS Management <br />","1025.375"
"SecureRack","","26.0","58.25","-1.0","1500.0","-1.0","","","","Free DNS Management <br />","1108.0"
"SecureRack","","26.0","58.25","-1.0","1500.0","-1.0","","","","Free DNS Management <br />","1113.625"
"SecureRack","","26.0","58.25","-1.0","1500.0","-1.0","","","","Free DNS Management <br />","1119.25"
"SecureRack","","26.0","58.25","-1.0","1500.0","-1.0","","","","Free DNS Management <br />","1124.875"
"SecureRack","","26.0","58.25","-1.0","1500.0","-1.0","","","","Free DNS Management <br />","1130.5"
"SecureRack","","26.0","77.0","-1.0","50.0","-1.0","","","","Free DNS Management <br />","875.0"
"SecureRack","","26.0","77.0","-1.0","50.0","-1.0","","","","Free DNS Management <br />","880.625"
"SecureRack","","26.0","77.0","-1.0","50.0","-1.0","","","","Free DNS Management <br />","886.25"
"SecureRack","","26.0","77.0","-1.0","50.0","-1.0","","","","Free DNS Management <br />","891.875"
"SecureRack","","26.0","77.0","-1.0","50.0","-1.0","","","","Free DNS Management <br />","897.5"
"SecureRack","","26.0","77.0","-1.0","412.5","-1.0","","","","Free DNS Management <br />","980.125"
"SecureRack","","26.0","77.0","-1.0","412.5","-1.0","","","","Free DNS Management <br />","985.75"
"SecureRack","","26.0","77.0","-1.0","412.5","-1.0","","","","Free DNS Management <br />","991.375"
"SecureRack","","26.0","77.0","-1.0","412.5","-1.0","","","","Free DNS Management <br />","997.0"
"SecureRack","","26.0","77.0","-1.0","412.5","-1.0","","","","Free DNS Management <br />","1002.625"
"SecureRack","","26.0","77.0","-1.0","775.0","-1.0","","","","Free DNS Management <br />","1085.25"
"SecureRack","","26.0","77.0","-1.0","775.0","-1.0","","","","Free DNS Management <br />","1090.875"
"SecureRack","","26.0","77.0","-1.0","775.0","-1.0","","","","Free DNS Management <br />","1096.5"
"SecureRack","","26.0","77.0","-1.0","775.0","-1.0","","","","Free DNS Management <br />","1102.125"
"SecureRack","","26.0","77.0","-1.0","775.0","-1.0","","","","Free DNS Management <br />","1107.75"
"SecureRack","","26.0","77.0","-1.0","1137.5","-1.0","","","","Free DNS Management <br />","1190.375"
"SecureRack","","26.0","77.0","-1.0","1137.5","-1.0","","","","Free DNS Management <br />","1196.0"
"SecureRack","","26.0","77.0","-1.0","1137.5","-1.0","","","","Free DNS Management <br />","1201.625"
"SecureRack","","26.0","77.0","-1.0","1137.5","-1.0","","","","Free DNS Management <br />","1207.25"
"SecureRack","","26.0","77.0","-1.0","1137.5","-1.0","","","","Free DNS Management <br />","1212.875"
"SecureRack","","26.0","77.0","-1.0","1500.0","-1.0","","","","Free DNS Management <br />","1295.5"
"SecureRack","","26.0","77.0","-1.0","1500.0","-1.0","","","","Free DNS Management <br />","1301.125"
"SecureRack","","26.0","77.0","-1.0","1500.0","-1.0","","","","Free DNS Management <br />","1306.75"
"SecureRack","","26.0","77.0","-1.0","1500.0","-1.0","","","","Free DNS Management <br />","1312.375"
"SecureRack","","26.0","77.0","-1.0","1500.0","-1.0","","","","Free DNS Management <br />","1318.0"
"SecureRack","","38.0","2.0","-1.0","50.0","-1.0","","","","Free DNS Management <br />","185.0"
"SecureRack","","38.0","2.0","-1.0","50.0","-1.0","","","","Free DNS Management <br />","190.625"
"SecureRack","","38.0","2.0","-1.0","50.0","-1.0","","","","Free DNS Management <br />","196.25"
"SecureRack","","38.0","2.0","-1.0","50.0","-1.0","","","","Free DNS Management <br />","201.875"
"SecureRack","","38.0","2.0","-1.0","50.0","-1.0","","","","Free DNS Management <br />","207.5"
"SecureRack","","38.0","2.0","-1.0","412.5","-1.0","","","","Free DNS Management <br />","290.125"
"SecureRack","","38.0","2.0","-1.0","412.5","-1.0","","","","Free DNS Management <br />","295.75"
"SecureRack","","38.0","2.0","-1.0","412.5","-1.0","","","","Free DNS Management <br />","301.375"
"SecureRack","","38.0","2.0","-1.0","412.5","-1.0","","","","Free DNS Management <br />","307.0"
"SecureRack","","38.0","2.0","-1.0","412.5","-1.0","","","","Free DNS Management <br />","312.625"
"SecureRack","","38.0","2.0","-1.0","775.0","-1.0","","","","Free DNS Management <br />","395.25"
"SecureRack","","38.0","2.0","-1.0","775.0","-1.0","","","","Free DNS Management <br />","400.875"
"SecureRack","","38.0","2.0","-1.0","775.0","-1.0","","","","Free DNS Management <br />","406.5"
"SecureRack","","38.0","2.0","-1.0","775.0","-1.0","","","","Free DNS Management <br />","412.125"
"SecureRack","","38.0","2.0","-1.0","775.0","-1.0","","","","Free DNS Management <br />","417.75"
"SecureRack","","38.0","2.0","-1.0","1137.5","-1.0","","","","Free DNS Management <br />","500.375"
"SecureRack","","38.0","2.0","-1.0","1137.5","-1.0","","","","Free DNS Management <br />","506.0"
"SecureRack","","38.0","2.0","-1.0","1137.5","-1.0","","","","Free DNS Management <br />","511.625"
"SecureRack","","38.0","2.0","-1.0","1137.5","-1.0","","","","Free DNS Management <br />","517.25"
"SecureRack","","38.0","2.0","-1.0","1137.5","-1.0","","","","Free DNS Management <br />","522.875"
"SecureRack","","38.0","2.0","-1.0","1500.0","-1.0","","","","Free DNS Management <br />","605.5"
"SecureRack","","38.0","2.0","-1.0","1500.0","-1.0","","","","Free DNS Management <br />","611.125"
"SecureRack","","38.0","2.0","-1.0","1500.0","-1.0","","","","Free DNS Management <br />","616.75"
"SecureRack","","38.0","2.0","-1.0","1500.0","-1.0","","","","Free DNS Management <br />","622.375"
"SecureRack","","38.0","2.0","-1.0","1500.0","-1.0","","","","Free DNS Management <br />","628.0"
"SecureRack","","38.0","20.75","-1.0","50.0","-1.0","","","","Free DNS Management <br />","372.5"
"SecureRack","","38.0","20.75","-1.0","50.0","-1.0","","","","Free DNS Management <br />","378.125"
"SecureRack","","38.0","20.75","-1.0","50.0","-1.0","","","","Free DNS Management <br />","383.75"
"SecureRack","","38.0","20.75","-1.0","50.0","-1.0","","","","Free DNS Management <br />","389.375"
"SecureRack","","38.0","20.75","-1.0","50.0","-1.0","","","","Free DNS Management <br />","395.0"
"SecureRack","","38.0","20.75","-1.0","412.5","-1.0","","","","Free DNS Management <br />","477.625"
"SecureRack","","38.0","20.75","-1.0","412.5","-1.0","","","","Free DNS Management <br />","483.25"
"SecureRack","","38.0","20.75","-1.0","412.5","-1.0","","","","Free DNS Management <br />","488.875"
"SecureRack","","38.0","20.75","-1.0","412.5","-1.0","","","","Free DNS Management <br />","494.5"
"SecureRack","","38.0","20.75","-1.0","412.5","-1.0","","","","Free DNS Management <br />","500.125"
"SecureRack","","38.0","20.75","-1.0","775.0","-1.0","","","","Free DNS Management <br />","582.75"
"SecureRack","","38.0","20.75","-1.0","775.0","-1.0","","","","Free DNS Management <br />","588.375"
"SecureRack","","38.0","20.75","-1.0","775.0","-1.0","","","","Free DNS Management <br />","594.0"
"SecureRack","","38.0","20.75","-1.0","775.0","-1.0","","","","Free DNS Management <br />","599.625"
"SecureRack","","38.0","20.75","-1.0","775.0","-1.0","","","","Free DNS Management <br />","605.25"
"SecureRack","","38.0","20.75","-1.0","1137.5","-1.0","","","","Free DNS Management <br />","687.875"
"SecureRack","","38.0","20.75","-1.0","1137.5","-1.0","","","","Free DNS Management <br />","693.5"
"SecureRack","","38.0","20.75","-1.0","1137.5","-1.0","","","","Free DNS Management <br />","699.125"
"SecureRack","","38.0","20.75","-1.0","1137.5","-1.0","","","","Free DNS Management <br />","704.75"
"SecureRack","","38.0","20.75","-1.0","1137.5","-1.0","","","","Free DNS Management <br />","710.375"
"SecureRack","","38.0","20.75","-1.0","1500.0","-1.0","","","","Free DNS Management <br />","793.0"
"SecureRack","","38.0","20.75","-1.0","1500.0","-1.0","","","","Free DNS Management <br />","798.625"
"SecureRack","","38.0","20.75","-1.0","1500.0","-1.0","","","","Free DNS Management <br />","804.25"
"SecureRack","","38.0","20.75","-1.0","1500.0","-1.0","","","","Free DNS Management <br />","809.875"
"SecureRack","","38.0","20.75","-1.0","1500.0","-1.0","","","","Free DNS Management <br />","815.5"
"SecureRack","","38.0","39.5","-1.0","50.0","-1.0","","","","Free DNS Management <br />","560.0"
"SecureRack","","38.0","39.5","-1.0","50.0","-1.0","","","","Free DNS Management <br />","565.625"
"SecureRack","","38.0","39.5","-1.0","50.0","-1.0","","","","Free DNS Management <br />","571.25"
"SecureRack","","38.0","39.5","-1.0","50.0","-1.0","","","","Free DNS Management <br />","576.875"
"SecureRack","","38.0","39.5","-1.0","50.0","-1.0","","","","Free DNS Management <br />","582.5"
"SecureRack","","38.0","39.5","-1.0","412.5","-1.0","","","","Free DNS Management <br />","665.125"
"SecureRack","","38.0","39.5","-1.0","412.5","-1.0","","","","Free DNS Management <br />","670.75"
"SecureRack","","38.0","39.5","-1.0","412.5","-1.0","","","","Free DNS Management <br />","676.375"
"SecureRack","","38.0","39.5","-1.0","412.5","-1.0","","","","Free DNS Management <br />","682.0"
"SecureRack","","38.0","39.5","-1.0","412.5","-1.0","","","","Free DNS Management <br />","687.625"
"SecureRack","","38.0","39.5","-1.0","775.0","-1.0","","","","Free DNS Management <br />","770.25"
"SecureRack","","38.0","39.5","-1.0","775.0","-1.0","","","","Free DNS Management <br />","775.875"
"SecureRack","","38.0","39.5","-1.0","775.0","-1.0","","","","Free DNS Management <br />","781.5"
"SecureRack","","38.0","39.5","-1.0","775.0","-1.0","","","","Free DNS Management <br />","787.125"
"SecureRack","","38.0","39.5","-1.0","775.0","-1.0","","","","Free DNS Management <br />","792.75"
"SecureRack","","38.0","39.5","-1.0","1137.5","-1.0","","","","Free DNS Management <br />","875.375"
"SecureRack","","38.0","39.5","-1.0","1137.5","-1.0","","","","Free DNS Management <br />","881.0"
"SecureRack","","38.0","39.5","-1.0","1137.5","-1.0","","","","Free DNS Management <br />","886.625"
"SecureRack","","38.0","39.5","-1.0","1137.5","-1.0","","","","Free DNS Management <br />","892.25"
"SecureRack","","38.0","39.5","-1.0","1137.5","-1.0","","","","Free DNS Management <br />","897.875"
"SecureRack","","38.0","39.5","-1.0","1500.0","-1.0","","","","Free DNS Management <br />","980.5"
"SecureRack","","38.0","39.5","-1.0","1500.0","-1.0","","","","Free DNS Management <br />","986.125"
"SecureRack","","38.0","39.5","-1.0","1500.0","-1.0","","","","Free DNS Management <br />","991.75"
"SecureRack","","38.0","39.5","-1.0","1500.0","-1.0","","","","Free DNS Management <br />","997.375"
"SecureRack","","38.0","39.5","-1.0","1500.0","-1.0","","","","Free DNS Management <br />","1003.0"
"SecureRack","","38.0","58.25","-1.0","50.0","-1.0","","","","Free DNS Management <br />","747.5"
"SecureRack","","38.0","58.25","-1.0","50.0","-1.0","","","","Free DNS Management <br />","753.125"
"SecureRack","","38.0","58.25","-1.0","50.0","-1.0","","","","Free DNS Management <br />","758.75"
"SecureRack","","38.0","58.25","-1.0","50.0","-1.0","","","","Free DNS Management <br />","764.375"
"SecureRack","","38.0","58.25","-1.0","50.0","-1.0","","","","Free DNS Management <br />","770.0"
"SecureRack","","38.0","58.25","-1.0","412.5","-1.0","","","","Free DNS Management <br />","852.625"
"SecureRack","","38.0","58.25","-1.0","412.5","-1.0","","","","Free DNS Management <br />","858.25"
"SecureRack","","38.0","58.25","-1.0","412.5","-1.0","","","","Free DNS Management <br />","863.875"
"SecureRack","","38.0","58.25","-1.0","412.5","-1.0","","","","Free DNS Management <br />","869.5"
"SecureRack","","38.0","58.25","-1.0","412.5","-1.0","","","","Free DNS Management <br />","875.125"
"SecureRack","","38.0","58.25","-1.0","775.0","-1.0","","","","Free DNS Management <br />","957.75"
"SecureRack","","38.0","58.25","-1.0","775.0","-1.0","","","","Free DNS Management <br />","963.375"
"SecureRack","","38.0","58.25","-1.0","775.0","-1.0","","","","Free DNS Management <br />","969.0"
"SecureRack","","38.0","58.25","-1.0","775.0","-1.0","","","","Free DNS Management <br />","974.625"
"SecureRack","","38.0","58.25","-1.0","775.0","-1.0","","","","Free DNS Management <br />","980.25"
"SecureRack","","38.0","58.25","-1.0","1137.5","-1.0","","","","Free DNS Management <br />","1062.875"
"SecureRack","","38.0","58.25","-1.0","1137.5","-1.0","","","","Free DNS Management <br />","1068.5"
"SecureRack","","38.0","58.25","-1.0","1137.5","-1.0","","","","Free DNS Management <br />","1074.125"
"SecureRack","","38.0","58.25","-1.0","1137.5","-1.0","","","","Free DNS Management <br />","1079.75"
"SecureRack","","38.0","58.25","-1.0","1137.5","-1.0","","","","Free DNS Management <br />","1085.375"
"SecureRack","","38.0","58.25","-1.0","1500.0","-1.0","","","","Free DNS Management <br />","1168.0"
"SecureRack","","38.0","58.25","-1.0","1500.0","-1.0","","","","Free DNS Management <br />","1173.625"
"SecureRack","","38.0","58.25","-1.0","1500.0","-1.0","","","","Free DNS Management <br />","1179.25"
"SecureRack","","38.0","58.25","-1.0","1500.0","-1.0","","","","Free DNS Management <br />","1184.875"
"SecureRack","","38.0","58.25","-1.0","1500.0","-1.0","","","","Free DNS Management <br />","1190.5"
"SecureRack","","38.0","77.0","-1.0","50.0","-1.0","","","","Free DNS Management <br />","935.0"
"SecureRack","","38.0","77.0","-1.0","50.0","-1.0","","","","Free DNS Management <br />","940.625"
"SecureRack","","38.0","77.0","-1.0","50.0","-1.0","","","","Free DNS Management <br />","946.25"
"SecureRack","","38.0","77.0","-1.0","50.0","-1.0","","","","Free DNS Management <br />","951.875"
"SecureRack","","38.0","77.0","-1.0","50.0","-1.0","","","","Free DNS Management <br />","957.5"
"SecureRack","","38.0","77.0","-1.0","412.5","-1.0","","","","Free DNS Management <br />","1040.125"
"SecureRack","","38.0","77.0","-1.0","412.5","-1.0","","","","Free DNS Management <br />","1045.75"
"SecureRack","","38.0","77.0","-1.0","412.5","-1.0","","","","Free DNS Management <br />","1051.375"
"SecureRack","","38.0","77.0","-1.0","412.5","-1.0","","","","Free DNS Management <br />","1057.0"
"SecureRack","","38.0","77.0","-1.0","412.5","-1.0","","","","Free DNS Management <br />","1062.625"
"SecureRack","","38.0","77.0","-1.0","775.0","-1.0","","","","Free DNS Management <br />","1145.25"
"SecureRack","","38.0","77.0","-1.0","775.0","-1.0","","","","Free DNS Management <br />","1150.875"
"SecureRack","","38.0","77.0","-1.0","775.0","-1.0","","","","Free DNS Management <br />","1156.5"
"SecureRack","","38.0","77.0","-1.0","775.0","-1.0","","","","Free DNS Management <br />","1162.125"
"SecureRack","","38.0","77.0","-1.0","775.0","-1.0","","","","Free DNS Management <br />","1167.75"
"SecureRack","","38.0","77.0","-1.0","1137.5","-1.0","","","","Free DNS Management <br />","1250.375"
"SecureRack","","38.0","77.0","-1.0","1137.5","-1.0","","","","Free DNS Management <br />","1256.0"
"SecureRack","","38.0","77.0","-1.0","1137.5","-1.0","","","","Free DNS Management <br />","1261.625"
"SecureRack","","38.0","77.0","-1.0","1137.5","-1.0","","","","Free DNS Management <br />","1267.25"
"SecureRack","","38.0","77.0","-1.0","1137.5","-1.0","","","","Free DNS Management <br />","1272.875"
"SecureRack","","38.0","77.0","-1.0","1500.0","-1.0","","","","Free DNS Management <br />","1355.5"
"SecureRack","","38.0","77.0","-1.0","1500.0","-1.0","","","","Free DNS Management <br />","1361.125"
"SecureRack","","38.0","77.0","-1.0","1500.0","-1.0","","","","Free DNS Management <br />","1366.75"
"SecureRack","","38.0","77.0","-1.0","1500.0","-1.0","","","","Free DNS Management <br />","1372.375"
"SecureRack","","38.0","77.0","-1.0","1500.0","-1.0","","","","Free DNS Management <br />","1378.0"
"SecureRack","","50.0","2.0","-1.0","50.0","-1.0","","","","Free DNS Management <br />","245.0"
"SecureRack","","50.0","2.0","-1.0","50.0","-1.0","","","","Free DNS Management <br />","250.625"
"SecureRack","","50.0","2.0","-1.0","50.0","-1.0","","","","Free DNS Management <br />","256.25"
"SecureRack","","50.0","2.0","-1.0","50.0","-1.0","","","","Free DNS Management <br />","261.875"
"SecureRack","","50.0","2.0","-1.0","50.0","-1.0","","","","Free DNS Management <br />","267.5"
"SecureRack","","50.0","2.0","-1.0","412.5","-1.0","","","","Free DNS Management <br />","350.125"
"SecureRack","","50.0","2.0","-1.0","412.5","-1.0","","","","Free DNS Management <br />","355.75"
"SecureRack","","50.0","2.0","-1.0","412.5","-1.0","","","","Free DNS Management <br />","361.375"
"SecureRack","","50.0","2.0","-1.0","412.5","-1.0","","","","Free DNS Management <br />","367.0"
"SecureRack","","50.0","2.0","-1.0","412.5","-1.0","","","","Free DNS Management <br />","372.625"
"SecureRack","","50.0","2.0","-1.0","775.0","-1.0","","","","Free DNS Management <br />","455.25"
"SecureRack","","50.0","2.0","-1.0","775.0","-1.0","","","","Free DNS Management <br />","460.875"
"SecureRack","","50.0","2.0","-1.0","775.0","-1.0","","","","Free DNS Management <br />","466.5"
"SecureRack","","50.0","2.0","-1.0","775.0","-1.0","","","","Free DNS Management <br />","472.125"
"SecureRack","","50.0","2.0","-1.0","775.0","-1.0","","","","Free DNS Management <br />","477.75"
"SecureRack","","50.0","2.0","-1.0","1137.5","-1.0","","","","Free DNS Management <br />","560.375"
"SecureRack","","50.0","2.0","-1.0","1137.5","-1.0","","","","Free DNS Management <br />","566.0"
"SecureRack","","50.0","2.0","-1.0","1137.5","-1.0","","","","Free DNS Management <br />","571.625"
"SecureRack","","50.0","2.0","-1.0","1137.5","-1.0","","","","Free DNS Management <br />","577.25"
"SecureRack","","50.0","2.0","-1.0","1137.5","-1.0","","","","Free DNS Management <br />","582.875"
"SecureRack","","50.0","2.0","-1.0","1500.0","-1.0","","","","Free DNS Management <br />","665.5"
"SecureRack","","50.0","2.0","-1.0","1500.0","-1.0","","","","Free DNS Management <br />","671.125"
"SecureRack","","50.0","2.0","-1.0","1500.0","-1.0","","","","Free DNS Management <br />","676.75"
"SecureRack","","50.0","2.0","-1.0","1500.0","-1.0","","","","Free DNS Management <br />","682.375"
"SecureRack","","50.0","2.0","-1.0","1500.0","-1.0","","","","Free DNS Management <br />","688.0"
"SecureRack","","50.0","20.75","-1.0","50.0","-1.0","","","","Free DNS Management <br />","432.5"
"SecureRack","","50.0","20.75","-1.0","50.0","-1.0","","","","Free DNS Management <br />","438.125"
"SecureRack","","50.0","20.75","-1.0","50.0","-1.0","","","","Free DNS Management <br />","443.75"
"SecureRack","","50.0","20.75","-1.0","50.0","-1.0","","","","Free DNS Management <br />","449.375"
"SecureRack","","50.0","20.75","-1.0","50.0","-1.0","","","","Free DNS Management <br />","455.0"
"SecureRack","","50.0","20.75","-1.0","412.5","-1.0","","","","Free DNS Management <br />","537.625"
"SecureRack","","50.0","20.75","-1.0","412.5","-1.0","","","","Free DNS Management <br />","543.25"
"SecureRack","","50.0","20.75","-1.0","412.5","-1.0","","","","Free DNS Management <br />","548.875"
"SecureRack","","50.0","20.75","-1.0","412.5","-1.0","","","","Free DNS Management <br />","554.5"
"SecureRack","","50.0","20.75","-1.0","412.5","-1.0","","","","Free DNS Management <br />","560.125"
"SecureRack","","50.0","20.75","-1.0","775.0","-1.0","","","","Free DNS Management <br />","642.75"
"SecureRack","","50.0","20.75","-1.0","775.0","-1.0","","","","Free DNS Management <br />","648.375"
"SecureRack","","50.0","20.75","-1.0","775.0","-1.0","","","","Free DNS Management <br />","654.0"
"SecureRack","","50.0","20.75","-1.0","775.0","-1.0","","","","Free DNS Management <br />","659.625"
"SecureRack","","50.0","20.75","-1.0","775.0","-1.0","","","","Free DNS Management <br />","665.25"
"SecureRack","","50.0","20.75","-1.0","1137.5","-1.0","","","","Free DNS Management <br />","747.875"
"SecureRack","","50.0","20.75","-1.0","1137.5","-1.0","","","","Free DNS Management <br />","753.5"
"SecureRack","","50.0","20.75","-1.0","1137.5","-1.0","","","","Free DNS Management <br />","759.125"
"SecureRack","","50.0","20.75","-1.0","1137.5","-1.0","","","","Free DNS Management <br />","764.75"
"SecureRack","","50.0","20.75","-1.0","1137.5","-1.0","","","","Free DNS Management <br />","770.375"
"SecureRack","","50.0","20.75","-1.0","1500.0","-1.0","","","","Free DNS Management <br />","853.0"
"SecureRack","","50.0","20.75","-1.0","1500.0","-1.0","","","","Free DNS Management <br />","858.625"
"SecureRack","","50.0","20.75","-1.0","1500.0","-1.0","","","","Free DNS Management <br />","864.25"
"SecureRack","","50.0","20.75","-1.0","1500.0","-1.0","","","","Free DNS Management <br />","869.875"
"SecureRack","","50.0","20.75","-1.0","1500.0","-1.0","","","","Free DNS Management <br />","875.5"
"SecureRack","","50.0","39.5","-1.0","50.0","-1.0","","","","Free DNS Management <br />","620.0"
"SecureRack","","50.0","39.5","-1.0","50.0","-1.0","","","","Free DNS Management <br />","625.625"
"SecureRack","","50.0","39.5","-1.0","50.0","-1.0","","","","Free DNS Management <br />","631.25"
"SecureRack","","50.0","39.5","-1.0","50.0","-1.0","","","","Free DNS Management <br />","636.875"
"SecureRack","","50.0","39.5","-1.0","50.0","-1.0","","","","Free DNS Management <br />","642.5"
"SecureRack","","50.0","39.5","-1.0","412.5","-1.0","","","","Free DNS Management <br />","725.125"
"SecureRack","","50.0","39.5","-1.0","412.5","-1.0","","","","Free DNS Management <br />","730.75"
"SecureRack","","50.0","39.5","-1.0","412.5","-1.0","","","","Free DNS Management <br />","736.375"
"SecureRack","","50.0","39.5","-1.0","412.5","-1.0","","","","Free DNS Management <br />","742.0"
"SecureRack","","50.0","39.5","-1.0","412.5","-1.0","","","","Free DNS Management <br />","747.625"
"SecureRack","","50.0","39.5","-1.0","775.0","-1.0","","","","Free DNS Management <br />","830.25"
"SecureRack","","50.0","39.5","-1.0","775.0","-1.0","","","","Free DNS Management <br />","835.875"
"SecureRack","","50.0","39.5","-1.0","775.0","-1.0","","","","Free DNS Management <br />","841.5"
"SecureRack","","50.0","39.5","-1.0","775.0","-1.0","","","","Free DNS Management <br />","847.125"
"SecureRack","","50.0","39.5","-1.0","775.0","-1.0","","","","Free DNS Management <br />","852.75"
"SecureRack","","50.0","39.5","-1.0","1137.5","-1.0","","","","Free DNS Management <br />","935.375"
"SecureRack","","50.0","39.5","-1.0","1137.5","-1.0","","","","Free DNS Management <br />","941.0"
"SecureRack","","50.0","39.5","-1.0","1137.5","-1.0","","","","Free DNS Management <br />","946.625"
"SecureRack","","50.0","39.5","-1.0","1137.5","-1.0","","","","Free DNS Management <br />","952.25"
"SecureRack","","50.0","39.5","-1.0","1137.5","-1.0","","","","Free DNS Management <br />","957.875"
"SecureRack","","50.0","39.5","-1.0","1500.0","-1.0","","","","Free DNS Management <br />","1040.5"
"SecureRack","","50.0","39.5","-1.0","1500.0","-1.0","","","","Free DNS Management <br />","1046.125"
"SecureRack","","50.0","39.5","-1.0","1500.0","-1.0","","","","Free DNS Management <br />","1051.75"
"SecureRack","","50.0","39.5","-1.0","1500.0","-1.0","","","","Free DNS Management <br />","1057.375"
"SecureRack","","50.0","39.5","-1.0","1500.0","-1.0","","","","Free DNS Management <br />","1063.0"
"SecureRack","","50.0","58.25","-1.0","50.0","-1.0","","","","Free DNS Management <br />","807.5"
"SecureRack","","50.0","58.25","-1.0","50.0","-1.0","","","","Free DNS Management <br />","813.125"
"SecureRack","","50.0","58.25","-1.0","50.0","-1.0","","","","Free DNS Management <br />","818.75"
"SecureRack","","50.0","58.25","-1.0","50.0","-1.0","","","","Free DNS Management <br />","824.375"
"SecureRack","","50.0","58.25","-1.0","50.0","-1.0","","","","Free DNS Management <br />","830.0"
"SecureRack","","50.0","58.25","-1.0","412.5","-1.0","","","","Free DNS Management <br />","912.625"
"SecureRack","","50.0","58.25","-1.0","412.5","-1.0","","","","Free DNS Management <br />","918.25"
"SecureRack","","50.0","58.25","-1.0","412.5","-1.0","","","","Free DNS Management <br />","923.875"
"SecureRack","","50.0","58.25","-1.0","412.5","-1.0","","","","Free DNS Management <br />","929.5"
"SecureRack","","50.0","58.25","-1.0","412.5","-1.0","","","","Free DNS Management <br />","935.125"
"SecureRack","","50.0","58.25","-1.0","775.0","-1.0","","","","Free DNS Management <br />","1017.75"
"SecureRack","","50.0","58.25","-1.0","775.0","-1.0","","","","Free DNS Management <br />","1023.375"
"SecureRack","","50.0","58.25","-1.0","775.0","-1.0","","","","Free DNS Management <br />","1029.0"
"SecureRack","","50.0","58.25","-1.0","775.0","-1.0","","","","Free DNS Management <br />","1034.625"
"SecureRack","","50.0","58.25","-1.0","775.0","-1.0","","","","Free DNS Management <br />","1040.25"
"SecureRack","","50.0","58.25","-1.0","1137.5","-1.0","","","","Free DNS Management <br />","1122.875"
"SecureRack","","50.0","58.25","-1.0","1137.5","-1.0","","","","Free DNS Management <br />","1128.5"
"SecureRack","","50.0","58.25","-1.0","1137.5","-1.0","","","","Free DNS Management <br />","1134.125"
"SecureRack","","50.0","58.25","-1.0","1137.5","-1.0","","","","Free DNS Management <br />","1139.75"
"SecureRack","","50.0","58.25","-1.0","1137.5","-1.0","","","","Free DNS Management <br />","1145.375"
"SecureRack","","50.0","58.25","-1.0","1500.0","-1.0","","","","Free DNS Management <br />","1228.0"
"SecureRack","","50.0","58.25","-1.0","1500.0","-1.0","","","","Free DNS Management <br />","1233.625"
"SecureRack","","50.0","58.25","-1.0","1500.0","-1.0","","","","Free DNS Management <br />","1239.25"
"SecureRack","","50.0","58.25","-1.0","1500.0","-1.0","","","","Free DNS Management <br />","1244.875"
"SecureRack","","50.0","58.25","-1.0","1500.0","-1.0","","","","Free DNS Management <br />","1250.5"
"SecureRack","","50.0","77.0","-1.0","50.0","-1.0","","","","Free DNS Management <br />","995.0"
"SecureRack","","50.0","77.0","-1.0","50.0","-1.0","","","","Free DNS Management <br />","1000.625"
"SecureRack","","50.0","77.0","-1.0","50.0","-1.0","","","","Free DNS Management <br />","1006.25"
"SecureRack","","50.0","77.0","-1.0","50.0","-1.0","","","","Free DNS Management <br />","1011.875"
"SecureRack","","50.0","77.0","-1.0","50.0","-1.0","","","","Free DNS Management <br />","1017.5"
"SecureRack","","50.0","77.0","-1.0","412.5","-1.0","","","","Free DNS Management <br />","1100.125"
"SecureRack","","50.0","77.0","-1.0","412.5","-1.0","","","","Free DNS Management <br />","1105.75"
"SecureRack","","50.0","77.0","-1.0","412.5","-1.0","","","","Free DNS Management <br />","1111.375"
"SecureRack","","50.0","77.0","-1.0","412.5","-1.0","","","","Free DNS Management <br />","1117.0"
"SecureRack","","50.0","77.0","-1.0","412.5","-1.0","","","","Free DNS Management <br />","1122.625"
"SecureRack","","50.0","77.0","-1.0","775.0","-1.0","","","","Free DNS Management <br />","1205.25"
"SecureRack","","50.0","77.0","-1.0","775.0","-1.0","","","","Free DNS Management <br />","1210.875"
"SecureRack","","50.0","77.0","-1.0","775.0","-1.0","","","","Free DNS Management <br />","1216.5"
"SecureRack","","50.0","77.0","-1.0","775.0","-1.0","","","","Free DNS Management <br />","1222.125"
"SecureRack","","50.0","77.0","-1.0","775.0","-1.0","","","","Free DNS Management <br />","1227.75"
"SecureRack","","50.0","77.0","-1.0","1137.5","-1.0","","","","Free DNS Management <br />","1310.375"
"SecureRack","","50.0","77.0","-1.0","1137.5","-1.0","","","","Free DNS Management <br />","1316.0"
"SecureRack","","50.0","77.0","-1.0","1137.5","-1.0","","","","Free DNS Management <br />","1321.625"
"SecureRack","","50.0","77.0","-1.0","1137.5","-1.0","","","","Free DNS Management <br />","1327.25"
"SecureRack","","50.0","77.0","-1.0","1137.5","-1.0","","","","Free DNS Management <br />","1332.875"
"SecureRack","","50.0","77.0","-1.0","1500.0","-1.0","","","","Free DNS Management <br />","1415.5"
"SecureRack","","50.0","77.0","-1.0","1500.0","-1.0","","","","Free DNS Management <br />","1421.125"
"SecureRack","","50.0","77.0","-1.0","1500.0","-1.0","","","","Free DNS Management <br />","1426.75"
"SecureRack","","50.0","77.0","-1.0","1500.0","-1.0","","","","Free DNS Management <br />","1432.375"
"SecureRack","","50.0","77.0","-1.0","1500.0","-1.0","","","","Free DNS Management <br />","1438.0"
